empresa_id,item_erp,item_desc,ref_item_erp,ref_item_desc,pct,fecha,usuario_id
1,IC0041,AGUINALDO PERSONAL ESTANDAR,IC0001,SUELDO BASE PERSONAL ESTANDAR,8.33,2023-01-01,1
1,IC0071,BONO14 PERSONAL ESTANDAR,IC0001,SUELDO BASE PERSONAL ESTANDAR,8.33,2023-01-01,1
1,IC0101,VACACIONES PERSONAL ESTANDAR,IC0001,SUELDO BASE PERSONAL ESTANDAR,4.17,2023-01-01,1
1,IC0131,INDEMNIZACION PERSONAL ESTANDAR,IC0001,SUELDO BASE PERSONAL ESTANDAR,3.89,2023-01-01,1
1,IC0131,INDEMNIZACION PERSONAL ESTANDAR,IC0001,SUELDO BASE PERSONAL ESTANDAR,8.33,2024-01-01,1
1,IC0161,CUOTA PATRONAL PERSONAL ESTANDAR,IC0001,SUELDO BASE PERSONAL ESTANDAR,12.67,2023-01-01,1
3,IC0041,AGUINALDO GUARDIA ESTANDAR,IC0001,SUELDO BASE GUARDIA ESTANDAR,8.33,2022-01-01,1
3,IC0042,AGUINALDO GUARDIA BASICO,IC0002,SUELDO BASE GUARDIA BASICO,8.33,2022-01-01,1
3,IC0043,AGUINALDO GUARDIA PREMIUM,IC0003,SUELDO BASE PREMIUM,8.33,2022-01-01,1
3,IC0044,AGUINALDO JEFE GRUPO,IC0004,SUELDO BASE JEFE GRUPO,8.33,2022-01-01,1
3,IC0045,AGUINALDO 05,IC0005,SUELDO BASE 05,8.33,2022-01-01,1
3,IC0046,AGUINALDO 06,IC0006,SUELDO BASE 06,8.33,2022-01-01,1
3,IC0047,AGUINALDO 07,IC0007,SUELDO BASE 07,8.33,2022-01-01,1
3,IC0048,AGUINALDO 08,IC0008,SUELDO BASE 08,8.33,2022-01-01,1
3,IC0049,AGUINALDO 09,IC0009,SUELDO BASE 09,8.33,2022-01-01,1
3,IC0050,AGUINALDO 10,IC0010,SUELDO BASE 10,8.33,2022-01-01,1
3,IC0051,AGUINALDO 11,IC0011,SUELDO BASE 11,8.33,2022-01-01,1
3,IC0071,BONO14 GUARDIA ESTANDAR,IC0001,SUELDO BASE GUARDIA ESTANDAR,8.33,2022-01-01,1
3,IC0072,BONO14 GUARDIA BASICO,IC0002,SUELDO BASE GUARDIA BASICO,8.33,2022-01-01,1
3,IC0073,BONO14 GUARDIA PREMIUM,IC0003,SUELDO BASE PREMIUM,8.33,2022-01-01,1
3,IC0074,BONO14 JEFE GRUPO,IC0004,SUELDO BASE JEFE GRUPO,8.33,2022-01-01,1
3,IC0075,BONO14 05,IC0005,SUELDO BASE 05,8.33,2022-01-01,1
3,IC0076,BONO14 06,IC0006,SUELDO BASE 06,8.33,2022-01-01,1
3,IC0077,BONO14 07,IC0007,SUELDO BASE 07,8.33,2022-01-01,1
3,IC0078,BONO14 08,IC0008,SUELDO BASE 08,8.33,2022-01-01,1
3,IC0079,BONO14 09,IC0009,SUELDO BASE 09,8.33,2022-01-01,1
3,IC0080,BONO14 10,IC0010,SUELDO BASE 10,8.33,2022-01-01,1
3,IC0081,BONO14 11,IC0011,SUELDO BASE 11,8.33,2022-01-01,1
3,IC0101,VACACIONES GUARDIA ESTANDAR,IC0001,SUELDO BASE GUARDIA ESTANDAR,4.17,2022-01-01,1
3,IC0102,VACACIONES GUARDIA BASICO,IC0002,SUELDO BASE GUARDIA BASICO,4.17,2022-01-01,1
3,IC0103,VACACIONES GUARDIA PREMIUM,IC0003,SUELDO BASE PREMIUM,4.17,2022-01-01,1
3,IC0104,VACACIONES JEFE GRUPO,IC0004,SUELDO BASE JEFE GRUPO,4.17,2022-01-01,1
3,IC0105,VACACIONES 05,IC0005,SUELDO BASE 05,4.17,2022-01-01,1
3,IC0106,VACACIONES 06,IC0006,SUELDO BASE 06,4.17,2022-01-01,1
3,IC0107,VACACIONES 07,IC0007,SUELDO BASE 07,4.17,2022-01-01,1
3,IC0108,VACACIONES 08,IC0008,SUELDO BASE 08,4.17,2022-01-01,1
3,IC0109,VACACIONES 09,IC0009,SUELDO BASE 09,4.17,2022-01-01,1
3,IC0110,VACACIONES 10,IC0010,SUELDO BASE 10,4.17,2022-01-01,1
3,IC0111,VACACIONES 11,IC0011,SUELDO BASE 11,4.17,2022-01-01,1
3,IC0131,INDEMNIZACION GUARDIA ESTANDAR,IC0001,SUELDO BASE GUARDIA ESTANDAR,0.84,2022-01-01,1
3,IC0132,INDEMNIZACION GUARDIA BASICO,IC0002,SUELDO BASE GUARDIA BASICO,0.84,2022-01-01,1
3,IC0133,INDEMNIZACION GUARDIA PREMIUM,IC0003,SUELDO BASE PREMIUM,0.84,2022-01-01,1
3,IC0134,INDEMNIZACION JEFE GRUPO,IC0004,SUELDO BASE JEFE GRUPO,0.84,2022-01-01,1
3,IC0135,INDEMNIZACION 05,IC0005,SUELDO BASE 05,0.84,2022-01-01,1
3,IC0136,INDEMNIZACION 06,IC0006,SUELDO BASE 06,0.84,2022-01-01,1
3,IC0137,INDEMNIZACION 07,IC0007,SUELDO BASE 07,0.84,2022-01-01,1
3,IC0138,INDEMNIZACION 08,IC0008,SUELDO BASE 08,0.84,2022-01-01,1
3,IC0139,INDEMNIZACION 09,IC0009,SUELDO BASE 09,0.84,2022-01-01,1
3,IC0140,INDEMNIZACION 10,IC0010,SUELDO BASE 10,0.84,2022-01-01,1
3,IC0141,INDEMNIZACION 11,IC0011,SUELDO BASE 11,0.84,2022-01-01,1
3,IC0161,CUOTA PATRONAL GUARDIA ESTANDAR,IC0001,SUELDO BASE GUARDIA ESTANDAR,12.67,2022-01-01,1
3,IC0162,CUOTA PATRONAL GUARDIA BASICO,IC0002,SUELDO BASE GUARDIA BASICO,12.67,2022-01-01,1
3,IC0163,CUOTA PATRONAL GUARDIA PREMIUM,IC0003,SUELDO BASE PREMIUM,12.67,2022-01-01,1
3,IC0164,CUOTA PATRONAL JEFE GRUPO,IC0004,SUELDO BASE JEFE GRUPO,12.67,2022-01-01,1
3,IC0165,CUOTA PATRONAL 05,IC0005,SUELDO BASE 05,12.67,2022-01-01,1
3,IC0166,CUOTA PATRONAL 06,IC0006,SUELDO BASE 06,12.67,2022-01-01,1
3,IC0167,CUOTA PATRONAL 07,IC0007,SUELDO BASE 07,12.67,2022-01-01,1
3,IC0168,CUOTA PATRONAL 08,IC0008,SUELDO BASE 08,12.67,2022-01-01,1
3,IC0169,CUOTA PATRONAL 09,IC0009,SUELDO BASE 09,12.67,2022-01-01,1
3,IC0170,CUOTA PATRONAL 10,IC0010,SUELDO BASE 10,12.67,2022-01-01,1
3,IC0171,CUOTA PATRONAL 11,IC0011,SUELDO BASE 11,12.67,2022-01-01,1
