empresa_id,tipo_item,item_principal_id,item_principal_desc,item_secundario_id,item_secundario_desc,nuevo_cantidad,nuevo_incluido,nuevo_requerido,renovacion_cantidad,renovacion_incluido,renovacion_requerido
1,3,ADD001,CAMARA ADICIONAL INTERIOR,0027,EUROBIT: BROCA DE 1/4 PARA CONCRETO,1,1,1,0,0,0
1,3,ADD001,CAMARA ADICIONAL INTERIOR,0179,SILICONE (BARRAS),1,1,1,0,0,0
1,3,ADD001,CAMARA ADICIONAL INTERIOR,0324,EUROBIT: BROCA DE 1/8 PARA METAL,1,1,1,0,0,0
1,3,ADD001,CAMARA ADICIONAL INTERIOR,0339,TARUGOS PLASTICOS VERDE,5,1,1,0,0,0
1,3,ADD001,CAMARA ADICIONAL INTERIOR,0438,VIAKOM: CABLE PARALELO CALIBRE 18,5,1,1,0,0,0
1,3,ADD001,CAMARA ADICIONAL INTERIOR,0441,TORNILLO DE 1 PULGADA,5,1,1,0,0,0
1,3,ADD001,CAMARA ADICIONAL INTERIOR,04498,MAGNETICO CON LOGO G4S,1,1,1,0,0,0
1,3,ADD001,CAMARA ADICIONAL INTERIOR,04990,CAMARA ADC-V522-IR,1,1,1,0,0,0
1,3,ADD001,CAMARA ADICIONAL INTERIOR,439,ASANNO: CANALETA ELECTRICA PLASTICA 20 X 10,1,1,1,0,0,0
1,3,ADD002,CAMARA ADICIONAL EXTERIOR,0027,EUROBIT: BROCA DE 1/4 PARA CONCRETO,1,1,1,0,0,0
1,3,ADD002,CAMARA ADICIONAL EXTERIOR,0052,"CLAVO ACERADO DE 1""",4,1,1,0,0,0
1,3,ADD002,CAMARA ADICIONAL EXTERIOR,0179,SILICONE (BARRAS),1,1,1,0,0,0
1,3,ADD002,CAMARA ADICIONAL EXTERIOR,0324,EUROBIT: BROCA DE 1/8 PARA METAL,1,1,1,0,0,0
1,3,ADD002,CAMARA ADICIONAL EXTERIOR,0339,TARUGOS PLASTICOS VERDE,5,1,1,0,0,0
1,3,ADD002,CAMARA ADICIONAL EXTERIOR,03601,CAJA PLEXO PARA INTERPERIE 4*4,1,1,1,0,0,0
1,3,ADD002,CAMARA ADICIONAL EXTERIOR,0465,CABLE UTP CAT 5E DE 4 PARES GRIS,2,1,1,0,0,0
1,3,ADD002,CAMARA ADICIONAL EXTERIOR,4026SMW75,3M: MOUNTIC CINDA ADHESIVA,1,1,1,0,0,0
1,3,ADD002,CAMARA ADICIONAL EXTERIOR,439,ASANNO: CANALETA ELECTRICA PLASTICA 20 X 10,1,1,1,0,0,0
1,3,ADD002,CAMARA ADICIONAL EXTERIOR,483,CONECTOR PARA DATOS RJ-45,2,1,1,0,0,0
1,3,ADD002,CAMARA ADICIONAL EXTERIOR,0438,VIAKOM: CABLE PARALELO CALIBRE 18,5,1,1,0,0,0
1,3,ADD002,CAMARA ADICIONAL EXTERIOR,0441,TORNILLO DE 1 PULGADA,5,1,1,0,0,0
1,3,ADD002,CAMARA ADICIONAL EXTERIOR,04460,CAMARA INALAMBRICA IP P/EXTERIOR,1,0,0,0,0,0
1,3,ADD002,CAMARA ADICIONAL EXTERIOR,0447,TUBO PVC GRIS 3/4  X 3MT,2,0,0,0,0,0
1,3,ADD002,CAMARA ADICIONAL EXTERIOR,04498,MAGNETICO CON LOGO G4S,1,1,1,0,0,0
1,3,ADD002,CAMARA ADICIONAL EXTERIOR,0451,"ABRAZADERA PARA CIELO 3/4""",3,0,0,0,0,0
1,3,ADD003,CAMARA ADICIONAL INTERIOR (COLABORADOR),0027,EUROBIT: BROCA DE 1/4 PARA CONCRETO,1,1,1,0,0,0
1,3,ADD003,CAMARA ADICIONAL INTERIOR (COLABORADOR),0179,SILICONE (BARRAS),1,1,1,0,0,0
1,3,ADD003,CAMARA ADICIONAL INTERIOR (COLABORADOR),0324,EUROBIT: BROCA DE 1/8 PARA METAL,1,1,1,0,0,0
1,3,ADD003,CAMARA ADICIONAL INTERIOR (COLABORADOR),0339,TARUGOS PLASTICOS VERDE,5,1,1,0,0,0
1,3,ADD003,CAMARA ADICIONAL INTERIOR (COLABORADOR),0438,VIAKOM: CABLE PARALELO CALIBRE 18,5,1,1,0,0,0
1,3,ADD003,CAMARA ADICIONAL INTERIOR (COLABORADOR),0441,TORNILLO DE 1 PULGADA,5,1,1,0,0,0
1,3,ADD003,CAMARA ADICIONAL INTERIOR (COLABORADOR),04498,MAGNETICO CON LOGO G4S,1,1,1,0,0,0
1,3,ADD003,CAMARA ADICIONAL INTERIOR (COLABORADOR),04990,CAMARA ADC-V522-IR,1,1,1,0,0,0
1,3,ADD003,CAMARA ADICIONAL INTERIOR (COLABORADOR),439,ASANNO: CANALETA ELECTRICA PLASTICA 20 X 10,1,1,1,0,0,0
1,3,ADD004,CAMARA ADICIONAL EXTERIOR (COLABORADOR),0027,EUROBIT: BROCA DE 1/4 PARA CONCRETO,1,1,1,0,0,0
1,3,ADD004,CAMARA ADICIONAL EXTERIOR (COLABORADOR),0052,"CLAVO ACERADO DE 1""",4,1,1,0,0,0
1,3,ADD004,CAMARA ADICIONAL EXTERIOR (COLABORADOR),0179,SILICONE (BARRAS),1,1,1,0,0,0
1,3,ADD004,CAMARA ADICIONAL EXTERIOR (COLABORADOR),483,CONECTOR PARA DATOS RJ-45,2,1,1,0,0,0
1,3,ADD004,CAMARA ADICIONAL EXTERIOR (COLABORADOR),4026SMW75,3M: MOUNTIC CINDA ADHESIVA,1,1,1,0,0,0
1,3,ADD004,CAMARA ADICIONAL EXTERIOR (COLABORADOR),439,ASANNO: CANALETA ELECTRICA PLASTICA 20 X 10,1,1,1,0,0,0
1,3,ADD004,CAMARA ADICIONAL EXTERIOR (COLABORADOR),0451,"ABRAZADERA PARA CIELO 3/4""",3,0,0,0,0,0
1,3,ADD004,CAMARA ADICIONAL EXTERIOR (COLABORADOR),0465,CABLE UTP CAT 5E DE 4 PARES GRIS,2,1,1,0,0,0
1,3,ADD004,CAMARA ADICIONAL EXTERIOR (COLABORADOR),0441,TORNILLO DE 1 PULGADA,5,1,1,0,0,0
1,3,ADD004,CAMARA ADICIONAL EXTERIOR (COLABORADOR),04460,CAMARA INALAMBRICA IP P/EXTERIOR,1,0,0,0,0,0
1,3,ADD004,CAMARA ADICIONAL EXTERIOR (COLABORADOR),0447,TUBO PVC GRIS 3/4  X 3MT,2,0,0,0,0,0
1,3,ADD004,CAMARA ADICIONAL EXTERIOR (COLABORADOR),04498,MAGNETICO CON LOGO G4S,1,1,1,0,0,0
1,3,ADD004,CAMARA ADICIONAL EXTERIOR (COLABORADOR),0324,EUROBIT: BROCA DE 1/8 PARA METAL,1,1,1,0,0,0
1,3,ADD004,CAMARA ADICIONAL EXTERIOR (COLABORADOR),0339,TARUGOS PLASTICOS VERDE,5,1,1,0,0,0
1,3,ADD004,CAMARA ADICIONAL EXTERIOR (COLABORADOR),03601,CAJA PLEXO PARA INTERPERIE 4*4,1,1,1,0,0,0
1,3,ADD004,CAMARA ADICIONAL EXTERIOR (COLABORADOR),0438,VIAKOM: CABLE PARALELO CALIBRE 18,5,1,1,0,0,0
1,3,CCTV36,MONITOREO CCTV,0048,CINCHOS PLATICOS GRANDES,10,1,0,0,0,0
1,3,CCTV36,MONITOREO CCTV,0179,SILICONE (BARRAS),20,1,0,0,0,0
1,3,CCTV36,MONITOREO CCTV,0339,TARUGOS PLASTICOS VERDE,15,1,0,0,0,0
1,3,CCTV36,MONITOREO CCTV,03417,DISCO DURO DE 1TB SATA,1,0,0,0,0,0
1,3,CCTV36,MONITOREO CCTV,03831,KIT DE CAMARAS CCTV EV-1004 EPCOM HIKVISION,1,1,0,0,0,0
1,3,CCTV36,MONITOREO CCTV,04201,PLUG UNIVERSAL P/CAMARA MACHO,4,1,0,0,0,0
1,3,CCTV36,MONITOREO CCTV,MOBRA04,MANO OBRA INSTALACION CCTV (FREELANCE),1,1,0,0,0,0
1,3,CCTV36,MONITOREO CCTV,0441,TORNILLO DE 1 PULGADA,15,1,0,0,0,0
1,3,CCTV36,MONITOREO CCTV,0465,CABLE UTP CAT 5E DE 4 PARES GRIS,80,1,0,0,0,0
1,3,CCTV36,MONITOREO CCTV,05152,KIT DE CCTV 4 CAMARAS 1080P HIKVISION,1,0,0,0,0,0
1,3,CCTV36,MONITOREO CCTV,05329,FUENTE DE PODER PC-U0405-PULQ,1,1,0,0,0,0
1,3,CCTV36,MONITOREO CCTV,0577,VIDEO VALUMS,4,1,0,0,0,0
1,3,CCTV36,MONITOREO CCTV,483,CONECTOR PARA DATOS RJ-45,2,1,0,0,0,0
1,3,GPS12,MONITOREO GPS.,0047,CINCHOS PLASTICOS PEQUEÑOS,10,1,0,0,0,0
1,3,GPS12,MONITOREO GPS.,0048,CINCHOS PLATICOS GRANDES,10,1,0,0,0,0
1,3,GPS12,MONITOREO GPS.,0050,CINTA DE AISLAR SUPER 33 + COLOR NEGRO,1,1,0,0,0,0
1,3,GPS12,MONITOREO GPS.,0314,FUSIBLES 5 AMP.,1,1,0,0,0,0
1,3,GPS12,MONITOREO GPS.,0325,FUSIBLES 10 AMP.,1,1,0,0,0,0
1,3,GPS12,MONITOREO GPS.,03427,CALCOMANIA PARA CLIENTES GPS,2,1,0,0,0,0
1,3,GPS12,MONITOREO GPS.,SRVREC003,CUENTA TRACKER,1,1,1,1,1,1
1,3,GPS12,MONITOREO GPS.,SRVREC008,ASISTENCIA (GPS),1,1,1,1,1,1
1,3,GPS12,MONITOREO GPS.,06443,FMC1304OXW01 / FMCXXX FLEET MANAGEMENT SYSTEM LOCA,1,1,0,0,0,0
1,3,GPS12,MONITOREO GPS.,0950,SILICONE FRIO,1,1,0,0,0,0
1,3,GPS12,MONITOREO GPS.,MOBRA05,MANO OBRA INSTALACION GPS (FREELANCE),1,0,0,0,0,0
1,3,GPS12,MONITOREO GPS.,MOBRA08,MANO OBRA INSTALACION GPS (INTERNO),1,1,0,0,0,0
1,3,GPS12,MONITOREO GPS.,SRVREC001,SIM CLARO 10MB,1,1,0,0,0,0
1,3,GPS12,MONITOREO GPS.,SRVREC002,SIM CLARO 25MB,1,0,0,0,0,0
1,3,GPS12,MONITOREO GPS.,03432,BOSCH: RELAY 12V 87AMP,1,1,0,0,0,0
1,3,GPS12,MONITOREO GPS.,0385,FLOSERR: PORTA FUSIBLES,2,1,0,0,0,0
1,3,GPS12,MONITOREO GPS.,0587,CLARO: SIM CLARO CARD GPRS.,1,1,0,0,0,0
1,3,GPS12,MONITOREO GPS.,0597,CLAVIJA PARA RELE SOCKET,1,1,0,0,0,0
1,3,GPS12,MONITOREO GPS.,0600,CABLE 16 AUTOMOTRIZ TFF,8,1,0,0,0,0
1,3,GPS12,MONITOREO GPS.,0602,BOTON DE PANICO GPS,1,1,0,0,0,0
1,3,GPS24,MONITOREO GPS..,0047,CINCHOS PLASTICOS PEQUEÑOS,10,1,0,0,0,0
1,3,GPS24,MONITOREO GPS..,0048,CINCHOS PLATICOS GRANDES,10,1,0,0,0,0
1,3,GPS24,MONITOREO GPS..,0050,CINTA DE AISLAR SUPER 33 + COLOR NEGRO,1,1,0,0,0,0
1,3,GPS24,MONITOREO GPS..,0314,FUSIBLES 5 AMP.,1,1,0,0,0,0
1,3,GPS24,MONITOREO GPS..,0325,FUSIBLES 10 AMP.,1,1,0,0,0,0
1,3,GPS24,MONITOREO GPS..,03427,CALCOMANIA PARA CLIENTES GPS,2,1,0,0,0,0
1,3,GPS24,MONITOREO GPS..,SRVREC003,CUENTA TRACKER,1,1,1,1,1,1
1,3,GPS24,MONITOREO GPS..,SRVREC008,ASISTENCIA (GPS),1,1,1,1,1,1
1,3,GPS24,MONITOREO GPS..,06443,FMC1304OXW01 / FMCXXX FLEET MANAGEMENT SYSTEM LOCA,1,1,0,0,0,0
1,3,GPS24,MONITOREO GPS..,0950,SILICONE FRIO,1,1,0,0,0,0
1,3,GPS24,MONITOREO GPS..,MOBRA05,MANO OBRA INSTALACION GPS (FREELANCE),1,0,0,0,0,0
1,3,GPS24,MONITOREO GPS..,MOBRA08,MANO OBRA INSTALACION GPS (INTERNO),1,1,0,0,0,0
1,3,GPS24,MONITOREO GPS..,SRVREC001,SIM CLARO 10MB,1,1,0,0,0,0
1,3,GPS24,MONITOREO GPS..,SRVREC002,SIM CLARO 25MB,1,0,0,0,0,0
1,3,GPS24,MONITOREO GPS..,03432,BOSCH: RELAY 12V 87AMP,1,1,0,0,0,0
1,3,GPS24,MONITOREO GPS..,0385,FLOSERR: PORTA FUSIBLES,2,1,0,0,0,0
1,3,GPS24,MONITOREO GPS..,0587,CLARO: SIM CLARO CARD GPRS.,1,1,0,0,0,0
1,3,GPS24,MONITOREO GPS..,0597,CLAVIJA PARA RELE SOCKET,1,1,0,0,0,0
1,3,GPS24,MONITOREO GPS..,0600,CABLE 16 AUTOMOTRIZ TFF,8,1,0,0,0,0
1,3,GPS24,MONITOREO GPS..,0602,BOTON DE PANICO GPS,1,1,0,0,0,0
1,3,GPS36,MONITOREO GPS...,0047,CINCHOS PLASTICOS PEQUEÑOS,10,1,0,0,0,0
1,3,GPS36,MONITOREO GPS...,0048,CINCHOS PLATICOS GRANDES,10,1,0,0,0,0
1,3,GPS36,MONITOREO GPS...,0050,CINTA DE AISLAR SUPER 33 + COLOR NEGRO,1,1,0,0,0,0
1,3,GPS36,MONITOREO GPS...,0314,FUSIBLES 5 AMP.,1,1,0,0,0,0
1,3,GPS36,MONITOREO GPS...,0325,FUSIBLES 10 AMP.,1,1,0,0,0,0
1,3,GPS36,MONITOREO GPS...,03427,CALCOMANIA PARA CLIENTES GPS,2,1,0,0,0,0
1,3,GPS36,MONITOREO GPS...,SRVREC003,CUENTA TRACKER,1,1,1,1,1,1
1,3,GPS36,MONITOREO GPS...,SRVREC008,ASISTENCIA (GPS),1,1,1,1,1,1
1,3,GPS36,MONITOREO GPS...,06443,FMC1304OXW01 / FMCXXX FLEET MANAGEMENT SYSTEM LOCA,1,1,0,0,0,0
1,3,GPS36,MONITOREO GPS...,0950,SILICONE FRIO,1,1,0,0,0,0
1,3,GPS36,MONITOREO GPS...,MOBRA05,MANO OBRA INSTALACION GPS (FREELANCE),1,0,0,0,0,0
1,3,GPS36,MONITOREO GPS...,MOBRA08,MANO OBRA INSTALACION GPS (INTERNO),1,1,0,0,0,0
1,3,GPS36,MONITOREO GPS...,SRVREC001,SIM CLARO 10MB,1,1,0,0,0,0
1,3,GPS36,MONITOREO GPS...,SRVREC002,SIM CLARO 25MB,1,0,0,0,0,0
1,3,GPS36,MONITOREO GPS...,03432,BOSCH: RELAY 12V 87AMP,1,1,0,0,0,0
1,3,GPS36,MONITOREO GPS...,0385,FLOSERR: PORTA FUSIBLES,2,1,0,0,0,0
1,3,GPS36,MONITOREO GPS...,0587,CLARO: SIM CLARO CARD GPRS.,1,1,0,0,0,0
1,3,GPS36,MONITOREO GPS...,0597,CLAVIJA PARA RELE SOCKET,1,1,0,0,0,0
1,3,GPS36,MONITOREO GPS...,0600,CABLE 16 AUTOMOTRIZ TFF,8,1,0,0,0,0
1,3,GPS36,MONITOREO GPS...,0602,BOTON DE PANICO GPS,1,1,0,0,0,0
1,3,KIT001,SAFE HOME VIDEO,0027,EUROBIT: BROCA DE 1/4 PARA CONCRETO,1,1,1,0,0,0
1,3,KIT001,SAFE HOME VIDEO,0179,SILICONE (BARRAS),1,1,1,0,0,0
1,3,KIT001,SAFE HOME VIDEO,0324,EUROBIT: BROCA DE 1/8 PARA METAL,1,1,1,0,0,0
1,3,KIT001,SAFE HOME VIDEO,0339,TARUGOS PLASTICOS VERDE,5,1,1,0,0,0
1,3,KIT001,SAFE HOME VIDEO,439,ASANNO: CANALETA ELECTRICA PLASTICA 20 X 10,1,1,1,0,0,0
1,3,KIT001,SAFE HOME VIDEO,0438,VIAKOM: CABLE PARALELO CALIBRE 18,5,1,1,0,0,0
1,3,KIT001,SAFE HOME VIDEO,0441,TORNILLO DE 1 PULGADA,5,1,1,0,0,0
1,3,KIT001,SAFE HOME VIDEO,04498,MAGNETICO CON LOGO G4S,1,1,1,0,0,0
1,3,KIT001,SAFE HOME VIDEO,04990,CAMARA ADC-V522-IR,1,1,1,0,0,0
1,3,KIT002,SAFE HOME PRO,0027,EUROBIT: BROCA DE 1/4 PARA CONCRETO,1,1,1,0,0,0
1,3,KIT002,SAFE HOME PRO,0052,"CLAVO ACERADO DE 1""",4,1,1,0,0,0
1,3,KIT002,SAFE HOME PRO,0179,SILICONE (BARRAS),3,1,1,0,0,0
1,3,KIT002,SAFE HOME PRO,0324,EUROBIT: BROCA DE 1/8 PARA METAL,1,1,1,0,0,0
1,3,KIT002,SAFE HOME PRO,0339,TARUGOS PLASTICOS VERDE,15,1,1,0,0,0
1,3,KIT002,SAFE HOME PRO,0438,VIAKOM: CABLE PARALELO CALIBRE 18,10,1,1,0,0,0
1,3,KIT002,SAFE HOME PRO,05281,KIT IOTEGA DSC,1,1,1,0,0,0
1,3,KIT002,SAFE HOME PRO,0882,DADO TOMACORRIENTE POLARIZADO TCINO,1,1,1,0,0,0
1,3,KIT002,SAFE HOME PRO,4026SMW75,3M: MOUNTIC CINDA ADHESIVA,1,1,1,0,0,0
1,3,KIT002,SAFE HOME PRO,483,CONECTOR PARA DATOS RJ-45,2,1,1,0,0,0
1,3,KIT002,SAFE HOME PRO,0441,TORNILLO DE 1 PULGADA,15,1,1,0,0,0
1,3,KIT002,SAFE HOME PRO,04498,MAGNETICO CON LOGO G4S,1,1,1,0,0,0
1,3,KIT002,SAFE HOME PRO,0465,CABLE UTP CAT 5E DE 4 PARES GRIS,2,1,1,0,0,0
1,3,KIT002,SAFE HOME PRO,0469,ROTULO ACRILICO G4S,1,1,1,0,0,0
1,3,KIT002,SAFE HOME PRO,04990,CAMARA ADC-V522-IR,1,1,1,0,0,0
1,3,KIT002,SAFE HOME PRO,05059,SENSOR DE MOVIMIENTO DSC PG9914,1,1,1,0,0,0
1,3,KIT003,SAFE HOME SMART,0027,EUROBIT: BROCA DE 1/4 PARA CONCRETO,1,1,1,0,0,0
1,3,KIT003,SAFE HOME SMART,0052,"CLAVO ACERADO DE 1""",4,1,1,0,0,0
1,3,KIT003,SAFE HOME SMART,0179,SILICONE (BARRAS),3,1,1,0,0,0
1,3,KIT003,SAFE HOME SMART,0324,EUROBIT: BROCA DE 1/8 PARA METAL,1,1,1,0,0,0
1,3,KIT003,SAFE HOME SMART,0339,TARUGOS PLASTICOS VERDE,19,1,1,0,0,0
1,3,KIT003,SAFE HOME SMART,0438,VIAKOM: CABLE PARALELO CALIBRE 18,10,1,1,0,0,0
1,3,KIT003,SAFE HOME SMART,04990,CAMARA ADC-V522-IR,2,1,1,0,0,0
1,3,KIT003,SAFE HOME SMART,05059,SENSOR DE MOVIMIENTO DSC PG9914,1,1,1,0,0,0
1,3,KIT003,SAFE HOME SMART,05281,KIT IOTEGA DSC,1,1,1,0,0,0
1,3,KIT003,SAFE HOME SMART,0882,DADO TOMACORRIENTE POLARIZADO TCINO,1,1,1,0,0,0
1,3,KIT003,SAFE HOME SMART,4026SMW75,3M: MOUNTIC CINDA ADHESIVA,1,1,1,0,0,0
1,3,KIT003,SAFE HOME SMART,483,CONECTOR PARA DATOS RJ-45,2,1,1,0,0,0
1,3,KIT003,SAFE HOME SMART,0441,TORNILLO DE 1 PULGADA,19,1,1,0,0,0
1,3,KIT003,SAFE HOME SMART,04461,TOMACORRIENTE 2-WAVE P/PARED,1,1,1,0,0,0
1,3,KIT003,SAFE HOME SMART,04498,MAGNETICO CON LOGO G4S,1,1,1,0,0,0
1,3,KIT003,SAFE HOME SMART,0465,CABLE UTP CAT 5E DE 4 PARES GRIS,2,1,1,0,0,0
1,3,KIT003,SAFE HOME SMART,0469,ROTULO ACRILICO G4S,1,1,1,0,0,0
1,3,KIT003,SAFE HOME SMART,04743,Z-WAVE BOMBILLA LB60Z-1,2,1,1,0,0,0
1,3,KIT004,SAFE HOME VIDEO EXTERIOR,0027,EUROBIT: BROCA DE 1/4 PARA CONCRETO,1,1,1,0,0,0
1,3,KIT004,SAFE HOME VIDEO EXTERIOR,0052,"CLAVO ACERADO DE 1""",4,1,1,0,0,0
1,3,KIT004,SAFE HOME VIDEO EXTERIOR,0179,SILICONE (BARRAS),1,1,1,0,0,0
1,3,KIT004,SAFE HOME VIDEO EXTERIOR,0324,EUROBIT: BROCA DE 1/8 PARA METAL,1,1,1,0,0,0
1,3,KIT004,SAFE HOME VIDEO EXTERIOR,0339,TARUGOS PLASTICOS VERDE,15,1,1,0,0,0
1,3,KIT004,SAFE HOME VIDEO EXTERIOR,03601,CAJA PLEXO PARA INTERPERIE 4*4,1,1,1,0,0,0
1,3,KIT004,SAFE HOME VIDEO EXTERIOR,0465,CABLE UTP CAT 5E DE 4 PARES GRIS,2,1,1,0,0,0
1,3,KIT004,SAFE HOME VIDEO EXTERIOR,0469,ROTULO ACRILICO G4S,1,1,1,0,0,0
1,3,KIT004,SAFE HOME VIDEO EXTERIOR,4026SMW75,3M: MOUNTIC CINDA ADHESIVA,1,1,1,0,0,0
1,3,KIT004,SAFE HOME VIDEO EXTERIOR,439,ASANNO: CANALETA ELECTRICA PLASTICA 20 X 10,1,1,1,0,0,0
1,3,KIT004,SAFE HOME VIDEO EXTERIOR,483,CONECTOR PARA DATOS RJ-45,2,1,1,0,0,0
1,3,KIT004,SAFE HOME VIDEO EXTERIOR,0438,VIAKOM: CABLE PARALELO CALIBRE 18,20,1,1,0,0,0
1,3,KIT004,SAFE HOME VIDEO EXTERIOR,0441,TORNILLO DE 1 PULGADA,15,1,1,0,0,0
1,3,KIT004,SAFE HOME VIDEO EXTERIOR,04460,CAMARA INALAMBRICA IP P/EXTERIOR,1,0,0,0,0,0
1,3,KIT004,SAFE HOME VIDEO EXTERIOR,0447,TUBO PVC GRIS 3/4  X 3MT,2,0,0,0,0,0
1,3,KIT004,SAFE HOME VIDEO EXTERIOR,04498,MAGNETICO CON LOGO G4S,1,1,1,0,0,0
1,3,KIT004,SAFE HOME VIDEO EXTERIOR,0451,"ABRAZADERA PARA CIELO 3/4""",3,0,0,0,0,0
1,3,KIT005,SAFE HOME VIDEO (COLABORADOR),0027,EUROBIT: BROCA DE 1/4 PARA CONCRETO,1,1,1,0,0,0
1,3,KIT005,SAFE HOME VIDEO (COLABORADOR),0179,SILICONE (BARRAS),1,1,1,0,0,0
1,3,KIT005,SAFE HOME VIDEO (COLABORADOR),0324,EUROBIT: BROCA DE 1/8 PARA METAL,1,1,1,0,0,0
1,3,KIT005,SAFE HOME VIDEO (COLABORADOR),0339,TARUGOS PLASTICOS VERDE,5,1,1,0,0,0
1,3,KIT005,SAFE HOME VIDEO (COLABORADOR),0438,VIAKOM: CABLE PARALELO CALIBRE 18,5,1,1,0,0,0
1,3,KIT005,SAFE HOME VIDEO (COLABORADOR),0441,TORNILLO DE 1 PULGADA,5,1,1,0,0,0
1,3,KIT005,SAFE HOME VIDEO (COLABORADOR),04498,MAGNETICO CON LOGO G4S,1,1,1,0,0,0
1,3,KIT005,SAFE HOME VIDEO (COLABORADOR),04990,CAMARA ADC-V522-IR,1,1,1,0,0,0
1,3,KIT005,SAFE HOME VIDEO (COLABORADOR),439,ASANNO: CANALETA ELECTRICA PLASTICA 20 X 10,1,1,1,0,0,0
1,3,KIT006,SAFE HOME PRO (COLABORADOR),0027,EUROBIT: BROCA DE 1/4 PARA CONCRETO,1,1,1,0,0,0
1,3,KIT006,SAFE HOME PRO (COLABORADOR),0052,"CLAVO ACERADO DE 1""",4,1,1,0,0,0
1,3,KIT006,SAFE HOME PRO (COLABORADOR),0179,SILICONE (BARRAS),3,1,1,0,0,0
1,3,KIT006,SAFE HOME PRO (COLABORADOR),483,CONECTOR PARA DATOS RJ-45,2,1,1,0,0,0
1,3,KIT006,SAFE HOME PRO (COLABORADOR),05059,SENSOR DE MOVIMIENTO DSC PG9914,1,1,1,0,0,0
1,3,KIT006,SAFE HOME PRO (COLABORADOR),05281,KIT IOTEGA DSC,1,1,1,0,0,0
1,3,KIT006,SAFE HOME PRO (COLABORADOR),0882,DADO TOMACORRIENTE POLARIZADO TCINO,1,1,1,0,0,0
1,3,KIT006,SAFE HOME PRO (COLABORADOR),4026SMW75,3M: MOUNTIC CINDA ADHESIVA,1,1,1,0,0,0
1,3,KIT006,SAFE HOME PRO (COLABORADOR),04498,MAGNETICO CON LOGO G4S,1,1,1,0,0,0
1,3,KIT006,SAFE HOME PRO (COLABORADOR),0465,CABLE UTP CAT 5E DE 4 PARES GRIS,2,1,1,0,0,0
1,3,KIT006,SAFE HOME PRO (COLABORADOR),0469,ROTULO ACRILICO G4S,1,1,1,0,0,0
1,3,KIT006,SAFE HOME PRO (COLABORADOR),04990,CAMARA ADC-V522-IR,1,1,1,0,0,0
1,3,KIT006,SAFE HOME PRO (COLABORADOR),0438,VIAKOM: CABLE PARALELO CALIBRE 18,10,1,1,0,0,0
1,3,KIT006,SAFE HOME PRO (COLABORADOR),0441,TORNILLO DE 1 PULGADA,15,1,1,0,0,0
1,3,KIT006,SAFE HOME PRO (COLABORADOR),0324,EUROBIT: BROCA DE 1/8 PARA METAL,1,1,1,0,0,0
1,3,KIT006,SAFE HOME PRO (COLABORADOR),0339,TARUGOS PLASTICOS VERDE,15,1,1,0,0,0
1,3,KIT007,SAFE HOME SMART (COLABORADOR),0027,EUROBIT: BROCA DE 1/4 PARA CONCRETO,1,1,1,0,0,0
1,3,KIT007,SAFE HOME SMART (COLABORADOR),0052,"CLAVO ACERADO DE 1""",4,1,1,0,0,0
1,3,KIT007,SAFE HOME SMART (COLABORADOR),0179,SILICONE (BARRAS),3,1,1,0,0,0
1,3,KIT007,SAFE HOME SMART (COLABORADOR),0324,EUROBIT: BROCA DE 1/8 PARA METAL,1,1,1,0,0,0
1,3,KIT007,SAFE HOME SMART (COLABORADOR),0339,TARUGOS PLASTICOS VERDE,19,1,1,0,0,0
1,3,KIT007,SAFE HOME SMART (COLABORADOR),0438,VIAKOM: CABLE PARALELO CALIBRE 18,10,1,1,0,0,0
1,3,KIT007,SAFE HOME SMART (COLABORADOR),04990,CAMARA ADC-V522-IR,2,1,1,0,0,0
1,3,KIT007,SAFE HOME SMART (COLABORADOR),05059,SENSOR DE MOVIMIENTO DSC PG9914,1,1,1,0,0,0
1,3,KIT007,SAFE HOME SMART (COLABORADOR),05281,KIT IOTEGA DSC,1,1,1,0,0,0
1,3,KIT007,SAFE HOME SMART (COLABORADOR),0882,DADO TOMACORRIENTE POLARIZADO TCINO,1,1,1,0,0,0
1,3,KIT007,SAFE HOME SMART (COLABORADOR),4026SMW75,3M: MOUNTIC CINDA ADHESIVA,1,1,1,0,0,0
1,3,KIT007,SAFE HOME SMART (COLABORADOR),483,CONECTOR PARA DATOS RJ-45,2,1,1,0,0,0
1,3,KIT007,SAFE HOME SMART (COLABORADOR),0441,TORNILLO DE 1 PULGADA,19,1,1,0,0,0
1,3,KIT007,SAFE HOME SMART (COLABORADOR),04461,TOMACORRIENTE 2-WAVE P/PARED,1,1,1,0,0,0
1,3,KIT007,SAFE HOME SMART (COLABORADOR),04498,MAGNETICO CON LOGO G4S,1,1,1,0,0,0
1,3,KIT007,SAFE HOME SMART (COLABORADOR),0465,CABLE UTP CAT 5E DE 4 PARES GRIS,2,1,1,0,0,0
1,3,KIT007,SAFE HOME SMART (COLABORADOR),0469,ROTULO ACRILICO G4S,1,1,1,0,0,0
1,3,KIT007,SAFE HOME SMART (COLABORADOR),04743,Z-WAVE BOMBILLA LB60Z-1,2,1,1,0,0,0
1,3,KIT008,SAFE HOME VIDEO EXTERIOR (COLABORADOR),0027,EUROBIT: BROCA DE 1/4 PARA CONCRETO,1,1,1,0,0,0
1,3,KIT008,SAFE HOME VIDEO EXTERIOR (COLABORADOR),0052,"CLAVO ACERADO DE 1""",4,1,1,0,0,0
1,3,KIT008,SAFE HOME VIDEO EXTERIOR (COLABORADOR),0179,SILICONE (BARRAS),1,1,1,0,0,0
1,3,KIT008,SAFE HOME VIDEO EXTERIOR (COLABORADOR),0324,EUROBIT: BROCA DE 1/8 PARA METAL,1,1,1,0,0,0
1,3,KIT008,SAFE HOME VIDEO EXTERIOR (COLABORADOR),0339,TARUGOS PLASTICOS VERDE,15,1,1,0,0,0
1,3,KIT008,SAFE HOME VIDEO EXTERIOR (COLABORADOR),03601,CAJA PLEXO PARA INTERPERIE 4*4,1,1,1,0,0,0
1,3,KIT008,SAFE HOME VIDEO EXTERIOR (COLABORADOR),0465,CABLE UTP CAT 5E DE 4 PARES GRIS,2,1,1,0,0,0
1,3,KIT008,SAFE HOME VIDEO EXTERIOR (COLABORADOR),0469,ROTULO ACRILICO G4S,1,1,1,0,0,0
1,3,KIT008,SAFE HOME VIDEO EXTERIOR (COLABORADOR),4026SMW75,3M: MOUNTIC CINDA ADHESIVA,1,1,1,0,0,0
1,3,KIT008,SAFE HOME VIDEO EXTERIOR (COLABORADOR),439,ASANNO: CANALETA ELECTRICA PLASTICA 20 X 10,1,1,1,0,0,0
1,3,KIT008,SAFE HOME VIDEO EXTERIOR (COLABORADOR),483,CONECTOR PARA DATOS RJ-45,2,1,1,0,0,0
1,3,KIT008,SAFE HOME VIDEO EXTERIOR (COLABORADOR),0438,VIAKOM: CABLE PARALELO CALIBRE 18,20,1,1,0,0,0
1,3,KIT008,SAFE HOME VIDEO EXTERIOR (COLABORADOR),0441,TORNILLO DE 1 PULGADA,15,1,1,0,0,0
1,3,KIT008,SAFE HOME VIDEO EXTERIOR (COLABORADOR),04460,CAMARA INALAMBRICA IP P/EXTERIOR,1,0,0,0,0,0
1,3,KIT008,SAFE HOME VIDEO EXTERIOR (COLABORADOR),0447,TUBO PVC GRIS 3/4  X 3MT,2,0,0,0,0,0
1,3,KIT008,SAFE HOME VIDEO EXTERIOR (COLABORADOR),04498,MAGNETICO CON LOGO G4S,1,1,1,0,0,0
1,3,KIT008,SAFE HOME VIDEO EXTERIOR (COLABORADOR),0451,"ABRAZADERA PARA CIELO 3/4""",3,0,0,0,0,0
1,3,KIT009,SAFE HOME VIDEO BUSINESS,0027,EUROBIT: BROCA DE 1/4 PARA CONCRETO,1,0,0,0,0,0
1,3,KIT009,SAFE HOME VIDEO BUSINESS,0179,SILICONE (BARRAS),1,0,0,0,0,0
1,3,KIT009,SAFE HOME VIDEO BUSINESS,0324,EUROBIT: BROCA DE 1/8 PARA METAL,1,0,0,0,0,0
1,3,KIT009,SAFE HOME VIDEO BUSINESS,0339,TARUGOS PLASTICOS VERDE,5,0,0,0,0,0
1,3,KIT009,SAFE HOME VIDEO BUSINESS,0438,VIAKOM: CABLE PARALELO CALIBRE 18,5,0,0,0,0,0
1,3,KIT009,SAFE HOME VIDEO BUSINESS,0441,TORNILLO DE 1 PULGADA,5,0,0,0,0,0
1,3,KIT009,SAFE HOME VIDEO BUSINESS,04498,MAGNETICO CON LOGO G4S,1,0,0,0,0,0
1,3,KIT009,SAFE HOME VIDEO BUSINESS,04990,CAMARA ADC-V522-IR,1,0,0,0,0,0
1,3,KIT009,SAFE HOME VIDEO BUSINESS,439,ASANNO: CANALETA ELECTRICA PLASTICA 20 X 10,1,0,0,0,0,0
1,3,KIT010,SAFE HOME VIDEO EXTERIOR BUSINESS,0027,EUROBIT: BROCA DE 1/4 PARA CONCRETO,1,0,0,0,0,0
1,3,KIT010,SAFE HOME VIDEO EXTERIOR BUSINESS,0052,"CLAVO ACERADO DE 1""",4,0,0,0,0,0
1,3,KIT010,SAFE HOME VIDEO EXTERIOR BUSINESS,0179,SILICONE (BARRAS),1,0,0,0,0,0
1,3,KIT010,SAFE HOME VIDEO EXTERIOR BUSINESS,0324,EUROBIT: BROCA DE 1/8 PARA METAL,1,0,0,0,0,0
1,3,KIT010,SAFE HOME VIDEO EXTERIOR BUSINESS,0339,TARUGOS PLASTICOS VERDE,15,0,0,0,0,0
1,3,KIT010,SAFE HOME VIDEO EXTERIOR BUSINESS,03601,CAJA PLEXO PARA INTERPERIE 4*4,1,0,0,0,0,0
1,3,KIT010,SAFE HOME VIDEO EXTERIOR BUSINESS,0465,CABLE UTP CAT 5E DE 4 PARES GRIS,2,0,0,0,0,0
1,3,KIT010,SAFE HOME VIDEO EXTERIOR BUSINESS,0469,ROTULO ACRILICO G4S,1,0,0,0,0,0
1,3,KIT010,SAFE HOME VIDEO EXTERIOR BUSINESS,4026SMW75,3M: MOUNTIC CINDA ADHESIVA,1,0,0,0,0,0
1,3,KIT010,SAFE HOME VIDEO EXTERIOR BUSINESS,439,ASANNO: CANALETA ELECTRICA PLASTICA 20 X 10,1,0,0,0,0,0
1,3,KIT010,SAFE HOME VIDEO EXTERIOR BUSINESS,483,CONECTOR PARA DATOS RJ-45,2,0,0,0,0,0
1,3,KIT010,SAFE HOME VIDEO EXTERIOR BUSINESS,0438,VIAKOM: CABLE PARALELO CALIBRE 18,20,0,0,0,0,0
1,3,KIT010,SAFE HOME VIDEO EXTERIOR BUSINESS,0441,TORNILLO DE 1 PULGADA,15,0,0,0,0,0
1,3,KIT010,SAFE HOME VIDEO EXTERIOR BUSINESS,04460,CAMARA INALAMBRICA IP P/EXTERIOR,1,0,0,0,0,0
1,3,KIT010,SAFE HOME VIDEO EXTERIOR BUSINESS,0447,TUBO PVC GRIS 3/4  X 3MT,2,0,0,0,0,0
1,3,KIT010,SAFE HOME VIDEO EXTERIOR BUSINESS,04498,MAGNETICO CON LOGO G4S,1,0,0,0,0,0
1,3,KIT010,SAFE HOME VIDEO EXTERIOR BUSINESS,0451,"ABRAZADERA PARA CIELO 3/4""",3,0,0,0,0,0
1,3,KIT011,SAFE HOME PRO BUSINESS,0027,EUROBIT: BROCA DE 1/4 PARA CONCRETO,1,0,0,0,0,0
1,3,KIT011,SAFE HOME PRO BUSINESS,0052,"CLAVO ACERADO DE 1""",4,0,0,0,0,0
1,3,KIT011,SAFE HOME PRO BUSINESS,0179,SILICONE (BARRAS),3,0,0,0,0,0
1,3,KIT011,SAFE HOME PRO BUSINESS,0324,EUROBIT: BROCA DE 1/8 PARA METAL,1,0,0,0,0,0
1,3,KIT011,SAFE HOME PRO BUSINESS,0339,TARUGOS PLASTICOS VERDE,15,0,0,0,0,0
1,3,KIT011,SAFE HOME PRO BUSINESS,0438,VIAKOM: CABLE PARALELO CALIBRE 18,10,0,0,0,0,0
1,3,KIT011,SAFE HOME PRO BUSINESS,05281,KIT IOTEGA DSC,1,0,0,0,0,0
1,3,KIT011,SAFE HOME PRO BUSINESS,0882,DADO TOMACORRIENTE POLARIZADO TCINO,1,0,0,0,0,0
1,3,KIT011,SAFE HOME PRO BUSINESS,4026SMW75,3M: MOUNTIC CINDA ADHESIVA,1,0,0,0,0,0
1,3,KIT011,SAFE HOME PRO BUSINESS,483,CONECTOR PARA DATOS RJ-45,2,0,0,0,0,0
1,3,KIT011,SAFE HOME PRO BUSINESS,0441,TORNILLO DE 1 PULGADA,15,0,0,0,0,0
1,3,KIT011,SAFE HOME PRO BUSINESS,04498,MAGNETICO CON LOGO G4S,1,0,0,0,0,0
1,3,KIT011,SAFE HOME PRO BUSINESS,0465,CABLE UTP CAT 5E DE 4 PARES GRIS,2,0,0,0,0,0
1,3,KIT011,SAFE HOME PRO BUSINESS,0469,ROTULO ACRILICO G4S,1,0,0,0,0,0
1,3,KIT011,SAFE HOME PRO BUSINESS,04990,CAMARA ADC-V522-IR,1,0,0,0,0,0
1,3,KIT011,SAFE HOME PRO BUSINESS,05059,SENSOR DE MOVIMIENTO DSC PG9914,1,0,0,0,0,0
1,3,KIT012,SAFE HOME SMART BUSINESS,0027,EUROBIT: BROCA DE 1/4 PARA CONCRETO,1,0,0,0,0,0
1,3,KIT012,SAFE HOME SMART BUSINESS,0052,"CLAVO ACERADO DE 1""",4,0,0,0,0,0
1,3,KIT012,SAFE HOME SMART BUSINESS,0179,SILICONE (BARRAS),3,0,0,0,0,0
1,3,KIT012,SAFE HOME SMART BUSINESS,0324,EUROBIT: BROCA DE 1/8 PARA METAL,1,0,0,0,0,0
1,3,KIT012,SAFE HOME SMART BUSINESS,0339,TARUGOS PLASTICOS VERDE,19,0,0,0,0,0
1,3,KIT012,SAFE HOME SMART BUSINESS,0438,VIAKOM: CABLE PARALELO CALIBRE 18,10,0,0,0,0,0
1,3,KIT012,SAFE HOME SMART BUSINESS,04990,CAMARA ADC-V522-IR,2,0,0,0,0,0
1,3,KIT012,SAFE HOME SMART BUSINESS,05059,SENSOR DE MOVIMIENTO DSC PG9914,1,0,0,0,0,0
1,3,KIT012,SAFE HOME SMART BUSINESS,05281,KIT IOTEGA DSC,1,0,0,0,0,0
1,3,KIT012,SAFE HOME SMART BUSINESS,0882,DADO TOMACORRIENTE POLARIZADO TCINO,1,0,0,0,0,0
1,3,KIT012,SAFE HOME SMART BUSINESS,4026SMW75,3M: MOUNTIC CINDA ADHESIVA,1,0,0,0,0,0
1,3,KIT012,SAFE HOME SMART BUSINESS,483,CONECTOR PARA DATOS RJ-45,2,0,0,0,0,0
1,3,KIT012,SAFE HOME SMART BUSINESS,0441,TORNILLO DE 1 PULGADA,19,0,0,0,0,0
1,3,KIT012,SAFE HOME SMART BUSINESS,04461,TOMACORRIENTE 2-WAVE P/PARED,1,0,0,0,0,0
1,3,KIT012,SAFE HOME SMART BUSINESS,04498,MAGNETICO CON LOGO G4S,1,0,0,0,0,0
1,3,KIT012,SAFE HOME SMART BUSINESS,0465,CABLE UTP CAT 5E DE 4 PARES GRIS,2,0,0,0,0,0
1,3,KIT012,SAFE HOME SMART BUSINESS,0469,ROTULO ACRILICO G4S,1,0,0,0,0,0
1,3,KIT012,SAFE HOME SMART BUSINESS,04743,Z-WAVE BOMBILLA LB60Z-1,2,0,0,0,0,0
1,3,MANT11,MANTENIMIENTO,0089,ESPUMA LIMPIADORA,1,1,0,0,0,0
1,3,MANT11,MANTENIMIENTO,0120,OFFICE DEPOT: LIMPIADOR DE CONTACTOS,1,1,0,0,0,0
1,3,MANT11,MANTENIMIENTO,MOBRA02,MANO OBRA PROYECTOS (INTERNA),1,1,1,0,0,0
1,3,MANT11,MANTENIMIENTO,VIATICOS,VIATICOS,1,0,0,0,0,0
1,3,MANT11,MANTENIMIENTO,03505,AIRE COMPRIMIDO PRICES,1,0,0,0,0,0
1,3,MANT11,MANTENIMIENTO,0639,WIPE BLANCO,1,1,0,0,0,0
1,3,MOBRA08,MANO OBRA INSTALACION GPS (INTERNO),MOBRA09,TRASLADO TECNICOS GPS,1,1,0,0,0,0
1,3,MONAL12,MONITOREO ALARMAS (RESIDENCIAL).,0052,"CLAVO ACERADO DE 1""",4,1,0,0,0,0
1,3,MONAL12,MONITOREO ALARMAS (RESIDENCIAL).,0339,TARUGOS PLASTICOS VERDE,24,1,0,0,0,0
1,3,MONAL12,MONITOREO ALARMAS (RESIDENCIAL).,0438,VIAKOM: CABLE PARALELO CALIBRE 18,10,1,0,0,0,0
1,3,MONAL12,MONITOREO ALARMAS (RESIDENCIAL).,0441,TORNILLO DE 1 PULGADA,24,1,0,0,0,0
1,3,MONAL12,MONITOREO ALARMAS (RESIDENCIAL).,0465,CABLE UTP CAT 5E DE 4 PARES GRIS,20,1,0,0,0,0
1,3,MONAL12,MONITOREO ALARMAS (RESIDENCIAL).,0469,ROTULO ACRILICO G4S,1,1,0,0,0,0
1,3,MONAL12,MONITOREO ALARMAS (RESIDENCIAL).,439,ASANNO: CANALETA ELECTRICA PLASTICA 20 X 10,2,1,0,0,0,0
1,3,MONAL12,MONITOREO ALARMAS (RESIDENCIAL).,483,CONECTOR PARA DATOS RJ-45,2,1,0,0,0,0
1,3,MONAL12,MONITOREO ALARMAS (RESIDENCIAL).,MOBRA03,MANO OBRA INSTALACION ALARMAS (FREELANCE),1,1,1,1,1,1
1,3,MONAL12,MONITOREO ALARMAS (RESIDENCIAL).,SRVREC005,CUENTA ALARM.COM (RESIDENCIAL),1,1,1,1,1,1
1,3,MONAL12,MONITOREO ALARMAS (RESIDENCIAL).,SRVREC006,ASISTENCIA (ALARMAS),1,1,1,1,1,1
1,3,MONAL12,MONITOREO ALARMAS (RESIDENCIAL).,04912,LLAVE INALAMBRICA DE 4 FUNCIONESPG9929/ PG9939,1,1,0,0,0,0
1,3,MONAL12,MONITOREO ALARMAS (RESIDENCIAL).,05059,SENSOR DE MOVIMIENTO DSC PG9914,2,1,0,0,0,0
1,3,MONAL12,MONITOREO ALARMAS (RESIDENCIAL).,05354,MAGNETICO INALAMBRICO  PG9303/PG9975,3,1,0,0,0,0
1,3,MONAL12,MONITOREO ALARMAS (RESIDENCIAL).,05739,PANEL IOTEGA,1,1,0,0,0,0
1,3,MONAL12,MONITOREO ALARMAS (RESIDENCIAL).,0882,DADO TOMACORRIENTE POLARIZADO TCINO,1,1,0,0,0,0
1,3,MONAL12,MONITOREO ALARMAS (RESIDENCIAL).,4026SMW75,3M: MOUNTIC CINDA ADHESIVA,2,1,0,0,0,0
1,3,MONAL12COM,MONITOREO ALARMAS (COMERCIAL).,0012,POWER KINGDOM: BATERIAS 12VOLTIOS 4 AMPE,1,1,0,0,0,0
1,3,MONAL12COM,MONITOREO ALARMAS (COMERCIAL).,0019,BOTON DE PANICO PLASTICO ROJO,1,1,0,0,0,0
1,3,MONAL12COM,MONITOREO ALARMAS (COMERCIAL).,0052,"CLAVO ACERADO DE 1""",4,1,0,0,0,0
1,3,MONAL12COM,MONITOREO ALARMAS (COMERCIAL).,0125,ENFORCER: MAGNETICO DE PERSIANA,1,0,0,0,0,0
1,3,MONAL12COM,MONITOREO ALARMAS (COMERCIAL).,0179,SILICONE (BARRAS),10,1,0,0,0,0
1,3,MONAL12COM,MONITOREO ALARMAS (COMERCIAL).,0187,DSC: SIRENAS DE 15 WATTS DE SOBRE PONER,1,1,0,0,0,0
1,3,MONAL12COM,MONITOREO ALARMAS (COMERCIAL).,MOBRA03,MANO OBRA INSTALACION ALARMAS (FREELANCE),1,1,1,1,1,1
1,3,MONAL12COM,MONITOREO ALARMAS (COMERCIAL).,SRVREC004,CUENTA ALARM.COM (COMERCIAL),1,1,1,1,1,1
1,3,MONAL12COM,MONITOREO ALARMAS (COMERCIAL).,SRVREC006,ASISTENCIA (ALARMAS),1,1,1,1,1,1
1,3,MONAL12COM,MONITOREO ALARMAS (COMERCIAL).,06-DRSS-072,ENFORCER: TAMPER SWITCH ..,1,1,0,0,0,0
1,3,MONAL12COM,MONITOREO ALARMAS (COMERCIAL).,06-FS-80G,MAGNETICO EXTRAFUERTE GRIS/CAFE 80G,1,0,0,0,0,0
1,3,MONAL12COM,MONITOREO ALARMAS (COMERCIAL).,0882,DADO TOMACORRIENTE POLARIZADO TCINO,1,1,0,0,0,0
1,3,MONAL12COM,MONITOREO ALARMAS (COMERCIAL).,483,CONECTOR PARA DATOS RJ-45,2,1,0,0,0,0
1,3,MONAL12COM,MONITOREO ALARMAS (COMERCIAL).,BLANCO 22/12,CABLE BLANCO MULTIFILIAR DE 6 PARES (12 HILOS),50,1,0,0,0,0
1,3,MONAL12COM,MONITOREO ALARMAS (COMERCIAL).,BLANCO 22/4,CABLE BLANCO MULTIFILAIR 2 PARES (4 HILOS),45,1,0,0,0,0
1,3,MONAL12COM,MONITOREO ALARMAS (COMERCIAL).,0469,ROTULO ACRILICO G4S,1,1,0,0,0,0
1,3,MONAL12COM,MONITOREO ALARMAS (COMERCIAL).,04805,COMUNICADOR ALARM.COM DSC TL8803GAT-LAT,1,1,0,0,0,0
1,3,MONAL12COM,MONITOREO ALARMAS (COMERCIAL).,04937,GABINETE STANDARD DSC GS-004-INS,1,1,0,0,0,0
1,3,MONAL12COM,MONITOREO ALARMAS (COMERCIAL).,04990,CAMARA ADC-V522-IR,1,0,0,0,0,0
1,3,MONAL12COM,MONITOREO ALARMAS (COMERCIAL).,05038,KIT DE ALARMA BASICO NEO 8 ZONAS DSC HS2032PCBSPA,1,1,0,0,0,0
1,3,MONAL12COM,MONITOREO ALARMAS (COMERCIAL).,06503,LC-200S SENSOR DE MOVIMIENTO PIR INFRARROJO PASIVO,2,1,0,0,0,0
1,3,MONAL12COM,MONITOREO ALARMAS (COMERCIAL).,0246,DSC: TRANSFORMADORES 16 VOLITOS 40 AMPER,1,1,0,0,0,0
1,3,MONAL12COM,MONITOREO ALARMAS (COMERCIAL).,0339,TARUGOS PLASTICOS VERDE,26,1,0,0,0,0
1,3,MONAL12COM,MONITOREO ALARMAS (COMERCIAL).,0432,FLAIR: MAGNETICO LIVIANO.,2,1,0,0,0,0
1,3,MONAL12COM,MONITOREO ALARMAS (COMERCIAL).,0438,VIAKOM: CABLE PARALELO CALIBRE 18,10,1,0,0,0,0
1,3,MONAL12COM,MONITOREO ALARMAS (COMERCIAL).,0441,TORNILLO DE 1 PULGADA,32,1,0,0,0,0
1,3,MONAL12COM,MONITOREO ALARMAS (COMERCIAL).,0465,CABLE UTP CAT 5E DE 4 PARES GRIS,20,1,0,0,0,0
1,3,MONAL24,MONITOREO ALARMAS (RESIDENCIAL)..,0052,"CLAVO ACERADO DE 1""",4,1,0,0,0,0
1,3,MONAL24,MONITOREO ALARMAS (RESIDENCIAL)..,0339,TARUGOS PLASTICOS VERDE,24,1,0,0,0,0
1,3,MONAL24,MONITOREO ALARMAS (RESIDENCIAL)..,0438,VIAKOM: CABLE PARALELO CALIBRE 18,10,1,0,0,0,0
1,3,MONAL24,MONITOREO ALARMAS (RESIDENCIAL)..,0441,TORNILLO DE 1 PULGADA,24,1,0,0,0,0
1,3,MONAL24,MONITOREO ALARMAS (RESIDENCIAL)..,0465,CABLE UTP CAT 5E DE 4 PARES GRIS,20,1,0,0,0,0
1,3,MONAL24,MONITOREO ALARMAS (RESIDENCIAL)..,0469,ROTULO ACRILICO G4S,1,1,0,0,0,0
1,3,MONAL24,MONITOREO ALARMAS (RESIDENCIAL)..,439,ASANNO: CANALETA ELECTRICA PLASTICA 20 X 10,2,1,0,0,0,0
1,3,MONAL24,MONITOREO ALARMAS (RESIDENCIAL)..,483,CONECTOR PARA DATOS RJ-45,2,1,0,0,0,0
1,3,MONAL24,MONITOREO ALARMAS (RESIDENCIAL)..,MOBRA03,MANO OBRA INSTALACION ALARMAS (FREELANCE),1,1,1,1,1,1
1,3,MONAL24,MONITOREO ALARMAS (RESIDENCIAL)..,SRVREC005,CUENTA ALARM.COM (RESIDENCIAL),1,1,1,1,1,1
1,3,MONAL24,MONITOREO ALARMAS (RESIDENCIAL)..,SRVREC006,ASISTENCIA (ALARMAS),1,1,1,1,1,1
1,3,MONAL24,MONITOREO ALARMAS (RESIDENCIAL)..,04912,LLAVE INALAMBRICA DE 4 FUNCIONESPG9929/ PG9939,1,1,0,0,0,0
1,3,MONAL24,MONITOREO ALARMAS (RESIDENCIAL)..,05059,SENSOR DE MOVIMIENTO DSC PG9914,2,1,0,0,0,0
1,3,MONAL24,MONITOREO ALARMAS (RESIDENCIAL)..,05354,MAGNETICO INALAMBRICO  PG9303/PG9975,3,1,0,0,0,0
1,3,MONAL24,MONITOREO ALARMAS (RESIDENCIAL)..,05739,PANEL IOTEGA,1,1,0,0,0,0
1,3,MONAL24,MONITOREO ALARMAS (RESIDENCIAL)..,0882,DADO TOMACORRIENTE POLARIZADO TCINO,1,1,0,0,0,0
1,3,MONAL24,MONITOREO ALARMAS (RESIDENCIAL)..,4026SMW75,3M: MOUNTIC CINDA ADHESIVA,2,1,0,0,0,0
1,3,MONAL24COM,MONITOREO ALARMAS (COMERCIAL)..,0012,POWER KINGDOM: BATERIAS 12VOLTIOS 4 AMPE,1,1,0,0,0,0
1,3,MONAL24COM,MONITOREO ALARMAS (COMERCIAL)..,0019,BOTON DE PANICO PLASTICO ROJO,1,1,0,0,0,0
1,3,MONAL24COM,MONITOREO ALARMAS (COMERCIAL)..,0052,"CLAVO ACERADO DE 1""",4,1,0,0,0,0
1,3,MONAL24COM,MONITOREO ALARMAS (COMERCIAL)..,0125,ENFORCER: MAGNETICO DE PERSIANA,1,0,0,0,0,0
1,3,MONAL24COM,MONITOREO ALARMAS (COMERCIAL)..,0179,SILICONE (BARRAS),10,1,0,0,0,0
1,3,MONAL24COM,MONITOREO ALARMAS (COMERCIAL)..,0187,DSC: SIRENAS DE 15 WATTS DE SOBRE PONER,1,1,0,0,0,0
1,3,MONAL24COM,MONITOREO ALARMAS (COMERCIAL)..,MOBRA03,MANO OBRA INSTALACION ALARMAS (FREELANCE),1,1,1,1,1,1
1,3,MONAL24COM,MONITOREO ALARMAS (COMERCIAL)..,SRVREC004,CUENTA ALARM.COM (COMERCIAL),1,1,1,1,1,1
1,3,MONAL24COM,MONITOREO ALARMAS (COMERCIAL)..,SRVREC006,ASISTENCIA (ALARMAS),1,1,1,1,1,1
1,3,MONAL24COM,MONITOREO ALARMAS (COMERCIAL)..,06-DRSS-072,ENFORCER: TAMPER SWITCH ..,1,1,0,0,0,0
1,3,MONAL24COM,MONITOREO ALARMAS (COMERCIAL)..,06-FS-80G,MAGNETICO EXTRAFUERTE GRIS/CAFE 80G,1,0,0,0,0,0
1,3,MONAL24COM,MONITOREO ALARMAS (COMERCIAL)..,0882,DADO TOMACORRIENTE POLARIZADO TCINO,1,1,0,0,0,0
1,3,MONAL24COM,MONITOREO ALARMAS (COMERCIAL)..,483,CONECTOR PARA DATOS RJ-45,2,1,0,0,0,0
1,3,MONAL24COM,MONITOREO ALARMAS (COMERCIAL)..,BLANCO 22/12,CABLE BLANCO MULTIFILIAR DE 6 PARES (12 HILOS),50,1,0,0,0,0
1,3,MONAL24COM,MONITOREO ALARMAS (COMERCIAL)..,BLANCO 22/4,CABLE BLANCO MULTIFILAIR 2 PARES (4 HILOS),45,1,0,0,0,0
1,3,MONAL24COM,MONITOREO ALARMAS (COMERCIAL)..,0469,ROTULO ACRILICO G4S,1,1,0,0,0,0
1,3,MONAL24COM,MONITOREO ALARMAS (COMERCIAL)..,04805,COMUNICADOR ALARM.COM DSC TL8803GAT-LAT,1,1,0,0,0,0
1,3,MONAL24COM,MONITOREO ALARMAS (COMERCIAL)..,04937,GABINETE STANDARD DSC GS-004-INS,1,1,0,0,0,0
1,3,MONAL24COM,MONITOREO ALARMAS (COMERCIAL)..,04990,CAMARA ADC-V522-IR,1,0,0,0,0,0
1,3,MONAL24COM,MONITOREO ALARMAS (COMERCIAL)..,05038,KIT DE ALARMA BASICO NEO 8 ZONAS DSC HS2032PCBSPA,1,1,0,0,0,0
1,3,MONAL24COM,MONITOREO ALARMAS (COMERCIAL)..,06503,LC-200S SENSOR DE MOVIMIENTO PIR INFRARROJO PASIVO,2,1,0,0,0,0
1,3,MONAL24COM,MONITOREO ALARMAS (COMERCIAL)..,0246,DSC: TRANSFORMADORES 16 VOLITOS 40 AMPER,1,1,0,0,0,0
1,3,MONAL24COM,MONITOREO ALARMAS (COMERCIAL)..,0339,TARUGOS PLASTICOS VERDE,26,1,0,0,0,0
1,3,MONAL24COM,MONITOREO ALARMAS (COMERCIAL)..,0432,FLAIR: MAGNETICO LIVIANO.,2,1,0,0,0,0
1,3,MONAL24COM,MONITOREO ALARMAS (COMERCIAL)..,0438,VIAKOM: CABLE PARALELO CALIBRE 18,10,1,0,0,0,0
1,3,MONAL24COM,MONITOREO ALARMAS (COMERCIAL)..,0441,TORNILLO DE 1 PULGADA,32,1,0,0,0,0
1,3,MONAL24COM,MONITOREO ALARMAS (COMERCIAL)..,0465,CABLE UTP CAT 5E DE 4 PARES GRIS,20,1,0,0,0,0
1,3,MONAL36,MONITOREO ALARMAS (RESIDENCIAL),0052,"CLAVO ACERADO DE 1""",4,1,0,0,0,0
1,3,MONAL36,MONITOREO ALARMAS (RESIDENCIAL),0339,TARUGOS PLASTICOS VERDE,24,1,0,0,0,0
1,3,MONAL36,MONITOREO ALARMAS (RESIDENCIAL),0438,VIAKOM: CABLE PARALELO CALIBRE 18,10,1,0,0,0,0
1,3,MONAL36,MONITOREO ALARMAS (RESIDENCIAL),0441,TORNILLO DE 1 PULGADA,24,1,0,0,0,0
1,3,MONAL36,MONITOREO ALARMAS (RESIDENCIAL),0465,CABLE UTP CAT 5E DE 4 PARES GRIS,20,1,0,0,0,0
1,3,MONAL36,MONITOREO ALARMAS (RESIDENCIAL),0469,ROTULO ACRILICO G4S,1,1,0,0,0,0
1,3,MONAL36,MONITOREO ALARMAS (RESIDENCIAL),439,ASANNO: CANALETA ELECTRICA PLASTICA 20 X 10,2,1,0,0,0,0
1,3,MONAL36,MONITOREO ALARMAS (RESIDENCIAL),483,CONECTOR PARA DATOS RJ-45,2,1,0,0,0,0
1,3,MONAL36,MONITOREO ALARMAS (RESIDENCIAL),MOBRA03,MANO OBRA INSTALACION ALARMAS (FREELANCE),1,1,1,1,1,1
1,3,MONAL36,MONITOREO ALARMAS (RESIDENCIAL),SRVREC005,CUENTA ALARM.COM (RESIDENCIAL),1,1,1,1,1,1
1,3,MONAL36,MONITOREO ALARMAS (RESIDENCIAL),SRVREC006,ASISTENCIA (ALARMAS),1,1,1,1,1,1
1,3,MONAL36,MONITOREO ALARMAS (RESIDENCIAL),04912,LLAVE INALAMBRICA DE 4 FUNCIONESPG9929/ PG9939,1,1,0,0,0,0
1,3,MONAL36,MONITOREO ALARMAS (RESIDENCIAL),05059,SENSOR DE MOVIMIENTO DSC PG9914,2,1,0,0,0,0
1,3,MONAL36,MONITOREO ALARMAS (RESIDENCIAL),05354,MAGNETICO INALAMBRICO  PG9303/PG9975,3,1,0,0,0,0
1,3,MONAL36,MONITOREO ALARMAS (RESIDENCIAL),05739,PANEL IOTEGA,1,1,0,0,0,0
1,3,MONAL36,MONITOREO ALARMAS (RESIDENCIAL),0882,DADO TOMACORRIENTE POLARIZADO TCINO,1,1,0,0,0,0
1,3,MONAL36,MONITOREO ALARMAS (RESIDENCIAL),4026SMW75,3M: MOUNTIC CINDA ADHESIVA,2,1,0,0,0,0
1,3,MONAL36COM,MONITOREO ALARMAS (COMERCIAL)...,0012,POWER KINGDOM: BATERIAS 12VOLTIOS 4 AMPE,1,1,0,0,0,0
1,3,MONAL36COM,MONITOREO ALARMAS (COMERCIAL)...,0019,BOTON DE PANICO PLASTICO ROJO,1,1,0,0,0,0
1,3,MONAL36COM,MONITOREO ALARMAS (COMERCIAL)...,0052,"CLAVO ACERADO DE 1""",4,1,0,0,0,0
1,3,MONAL36COM,MONITOREO ALARMAS (COMERCIAL)...,0125,ENFORCER: MAGNETICO DE PERSIANA,1,0,0,0,0,0
1,3,MONAL36COM,MONITOREO ALARMAS (COMERCIAL)...,0179,SILICONE (BARRAS),10,1,0,0,0,0
1,3,MONAL36COM,MONITOREO ALARMAS (COMERCIAL)...,0187,DSC: SIRENAS DE 15 WATTS DE SOBRE PONER,1,1,0,0,0,0
1,3,MONAL36COM,MONITOREO ALARMAS (COMERCIAL)...,MOBRA03,MANO OBRA INSTALACION ALARMAS (FREELANCE),1,1,1,1,1,1
1,3,MONAL36COM,MONITOREO ALARMAS (COMERCIAL)...,SRVREC004,CUENTA ALARM.COM (COMERCIAL),1,1,1,1,1,1
1,3,MONAL36COM,MONITOREO ALARMAS (COMERCIAL)...,SRVREC006,ASISTENCIA (ALARMAS),1,1,1,1,1,1
1,3,MONAL36COM,MONITOREO ALARMAS (COMERCIAL)...,06-DRSS-072,ENFORCER: TAMPER SWITCH ..,1,1,0,0,0,0
1,3,MONAL36COM,MONITOREO ALARMAS (COMERCIAL)...,06-FS-80G,MAGNETICO EXTRAFUERTE GRIS/CAFE 80G,1,0,0,0,0,0
1,3,MONAL36COM,MONITOREO ALARMAS (COMERCIAL)...,0882,DADO TOMACORRIENTE POLARIZADO TCINO,1,1,0,0,0,0
1,3,MONAL36COM,MONITOREO ALARMAS (COMERCIAL)...,483,CONECTOR PARA DATOS RJ-45,2,1,0,0,0,0
1,3,MONAL36COM,MONITOREO ALARMAS (COMERCIAL)...,BLANCO 22/12,CABLE BLANCO MULTIFILIAR DE 6 PARES (12 HILOS),50,1,0,0,0,0
1,3,MONAL36COM,MONITOREO ALARMAS (COMERCIAL)...,BLANCO 22/4,CABLE BLANCO MULTIFILAIR 2 PARES (4 HILOS),45,1,0,0,0,0
1,3,MONAL36COM,MONITOREO ALARMAS (COMERCIAL)...,0469,ROTULO ACRILICO G4S,1,1,0,0,0,0
1,3,MONAL36COM,MONITOREO ALARMAS (COMERCIAL)...,04805,COMUNICADOR ALARM.COM DSC TL8803GAT-LAT,1,1,0,0,0,0
1,3,MONAL36COM,MONITOREO ALARMAS (COMERCIAL)...,04937,GABINETE STANDARD DSC GS-004-INS,1,1,0,0,0,0
1,3,MONAL36COM,MONITOREO ALARMAS (COMERCIAL)...,04990,CAMARA ADC-V522-IR,1,0,0,0,0,0
1,3,MONAL36COM,MONITOREO ALARMAS (COMERCIAL)...,05038,KIT DE ALARMA BASICO NEO 8 ZONAS DSC HS2032PCBSPA,1,1,0,0,0,0
1,3,MONAL36COM,MONITOREO ALARMAS (COMERCIAL)...,06503,LC-200S SENSOR DE MOVIMIENTO PIR INFRARROJO PASIVO,2,1,0,0,0,0
1,3,MONAL36COM,MONITOREO ALARMAS (COMERCIAL)...,0246,DSC: TRANSFORMADORES 16 VOLITOS 40 AMPER,1,1,0,0,0,0
1,3,MONAL36COM,MONITOREO ALARMAS (COMERCIAL)...,0339,TARUGOS PLASTICOS VERDE,26,1,0,0,0,0
1,3,MONAL36COM,MONITOREO ALARMAS (COMERCIAL)...,0432,FLAIR: MAGNETICO LIVIANO.,2,1,0,0,0,0
1,3,MONAL36COM,MONITOREO ALARMAS (COMERCIAL)...,0438,VIAKOM: CABLE PARALELO CALIBRE 18,10,1,0,0,0,0
1,3,MONAL36COM,MONITOREO ALARMAS (COMERCIAL)...,0441,TORNILLO DE 1 PULGADA,32,1,0,0,0,0
1,3,MONAL36COM,MONITOREO ALARMAS (COMERCIAL)...,0465,CABLE UTP CAT 5E DE 4 PARES GRIS,20,1,0,0,0,0
1,3,PERS001,COORDINADOR ESTANDAR (AG),IC0255,CAPACITACION PERSONAL ESTANDAR,1,1,1,1,1,1
1,3,PERS001,COORDINADOR ESTANDAR (AG),IC0801,BONO CELULAR I (AG),1,1,1,1,1,1
1,3,PERS001,COORDINADOR ESTANDAR (AG),IC0802,EXAMENES MEDICOS (AG),1,1,1,1,1,1
1,3,PERS001,COORDINADOR ESTANDAR (AG),SAL001,SALARIO PERSONAL ESTANDAR,1,1,1,1,1,1
1,3,PERS002,JEFE GRUPO (AG),IC0254,HORAS FERIADOS Y ASUETOS,1,1,1,1,1,1
1,3,PERS002,JEFE GRUPO (AG),IC0255,CAPACITACION PERSONAL ESTANDAR,1,1,1,1,1,1
1,3,PERS002,JEFE GRUPO (AG),IC0801,BONO CELULAR I (AG),1,1,0,0,0,0
1,3,PERS002,JEFE GRUPO (AG),IC0802,EXAMENES MEDICOS (AG),1,1,1,1,1,1
1,3,PERS002,JEFE GRUPO (AG),IC0803,BONO CELULAR II (AG),1,0,0,0,0,0
1,3,PERS002,JEFE GRUPO (AG),SAL001,SALARIO PERSONAL ESTANDAR,1,1,1,1,1,1
1,3,PERS003,SUPERVISOR ESTANDAR (AG),IC0255,CAPACITACION PERSONAL ESTANDAR,1,1,1,1,1,1
1,3,PERS003,SUPERVISOR ESTANDAR (AG),IC0801,BONO CELULAR I (AG),1,1,1,1,1,1
1,3,PERS003,SUPERVISOR ESTANDAR (AG),IC0802,EXAMENES MEDICOS (AG),1,1,1,1,1,1
1,3,PERS003,SUPERVISOR ESTANDAR (AG),SAL001,SALARIO PERSONAL ESTANDAR,1,1,1,1,1,1
1,3,PERS004,OPERADOR CCTV,IC0205,BONO NOCTURNO,1,1,0,1,1,0
1,3,PERS004,OPERADOR CCTV,IC0206,BONO VARIABLE,1,1,0,1,1,0
1,3,PERS004,OPERADOR CCTV,IC0207,BONO MERITO,1,1,0,1,1,0
1,3,PERS004,OPERADOR CCTV,IC0254,HORAS FERIADOS Y ASUETOS,1,1,0,1,1,0
1,3,PERS004,OPERADOR CCTV,IC0804,HORAS EXTRAS,1,1,0,1,1,0
1,3,PERS004,OPERADOR CCTV,IC0805,BONO CELULAR,1,1,0,1,1,0
1,3,PERS004,OPERADOR CCTV,IC0806,SUPERVISION OPERACIONES,1,1,0,1,1,0
1,3,PERS004,OPERADOR CCTV,IC0807,SUMINISTROS PUESTO TRABAJO,1,1,0,1,1,0
1,3,PERS004,OPERADOR CCTV,SAL001,SALARIO PERSONAL ESTANDAR,1,1,1,1,1,1
1,3,SAL001,SALARIO PERSONAL ESTANDAR,IC0001,SUELDO BASE PERSONAL ESTANDAR,1,1,1,1,1,1
1,3,SAL001,SALARIO PERSONAL ESTANDAR,IC0030,BONO DECRETO PERSONAL ESTANDAR,1,1,1,1,1,1
1,3,SAL001,SALARIO PERSONAL ESTANDAR,IC0041,AGUINALDO PERSONAL ESTANDAR,1,1,1,1,1,1
1,3,SAL001,SALARIO PERSONAL ESTANDAR,IC0071,BONO14 PERSONAL ESTANDAR,1,1,1,1,1,1
1,3,SAL001,SALARIO PERSONAL ESTANDAR,IC0101,VACACIONES PERSONAL ESTANDAR,1,1,1,1,1,1
1,3,SAL001,SALARIO PERSONAL ESTANDAR,IC0131,INDEMNIZACION PERSONAL ESTANDAR,1,1,1,1,1,1
1,3,SAL001,SALARIO PERSONAL ESTANDAR,IC0161,CUOTA PATRONAL PERSONAL ESTANDAR,1,1,1,1,1,1
1,4,UNI001,EQUIPO PROTECCION PERSONAL (EPP),03047,CHALECO REFLECTIVO ANARANJADO,1,1,0,0,0,0
1,4,UNI001,EQUIPO PROTECCION PERSONAL (EPP),0318,CASCO INDUSTRIALES PLASTICOS,1,1,1,1,1,1
1,4,UNI001,EQUIPO PROTECCION PERSONAL (EPP),05942,CAMISA MANGA LARGA AZUL TIPO COLUMBIA,5,1,1,5,1,1
1,4,UNI001,EQUIPO PROTECCION PERSONAL (EPP),67,BOTAS CON PUNTA DE ACERO,1,1,1,1,1,1
1,4,UNI001,EQUIPO PROTECCION PERSONAL (EPP),850,LENTES INDUSTRIALES,2,1,1,2,1,1
3,4,ART0099,ARTICULOS PUESTOS VARIOS,ART00027,LIBRO DE ACTAS,1,1,1,0,0,0
3,4,ART0099,ARTICULOS PUESTOS VARIOS,ART00042,LINTERNA,1,1,1,0,0,0
3,4,ART0099,ARTICULOS PUESTOS VARIOS,ART00056,TABLA SHANNO,1,1,1,0,0,0
3,3,BONO001,BONOS,IC0201,BONO CLIENTE,1,0,0,1,0,0
3,3,BONO001,BONOS,IC0202,BONO PUESTO,1,0,0,1,0,0
3,3,BONO001,BONOS,IC0203,BONO DESCANSERO,1,0,0,1,0,0
3,3,BONO001,BONOS,IC0204,BONO EXTRA CUBRIR DESCANSO,1,0,0,1,0,0
3,3,BONO001,BONOS,IC0205,BONO JEFE GRUPO,1,0,0,1,0,0
3,3,COOR01,COORDINADOR PROYECTO JR (NUEVO),IC0250,ITEMS FINANCIEROS,1,1,1,0,0,0
3,3,COOR01,COORDINADOR PROYECTO JR (NUEVO),SAL009,SALARIOS COORDINADOR JR,1,1,1,0,0,0
3,3,COOR02,COORDINADOR PROYECTO SR (NUEVO),IC0250,ITEMS FINANCIEROS,1,1,1,0,0,0
3,3,COOR02,COORDINADOR PROYECTO SR (NUEVO),SAL008,SALARIOS COORDINADOR SR,1,1,1,0,0,0
3,3,DES001,DESCANSERO GUARDIA ESTANDAR,IC0250,ITEMS FINANCIEROS,1,1,1,0,0,0
3,3,DES001,DESCANSERO GUARDIA ESTANDAR,SAL001,SALARIOS ESTANDAR,1,1,1,0,0,0
3,3,DES002,DESCANSERO GUARDIA BASICO,IC0250,ITEMS FINANCIEROS,1,1,1,0,0,0
3,3,DES002,DESCANSERO GUARDIA BASICO,SAL002,SALARIOS GUARDIA BASICO,1,1,1,0,0,0
3,3,DES003,DESCANSERO GUARDIA PREMIUM,IC0250,ITEMS FINANCIEROS,1,1,1,0,0,0
3,3,DES003,DESCANSERO GUARDIA PREMIUM,SAL003,SALARIOS GUARDIA PREMIUM,1,1,1,0,0,0
3,3,DES004,DESCANSERO GUARDIA ANFITRION B,IC0250,ITEMS FINANCIEROS,1,1,1,0,0,0
3,3,DES004,DESCANSERO GUARDIA ANFITRION B,SAL004,SALARIOS GUARDIA ANFITRION B,1,1,1,0,0,0
3,3,DES005,DESCANSERO JEFE GRUPO,IC0205,BONO JEFE GRUPO,1,1,1,0,0,0
3,3,DES005,DESCANSERO JEFE GRUPO,IC0250,ITEMS FINANCIEROS,1,1,1,0,0,0
3,3,DES005,DESCANSERO JEFE GRUPO,SAL005,SALARIOS JEFE GRUPO,1,1,1,0,0,0
3,3,DES006,DESCANSERO SUPERVISOR,IC0250,ITEMS FINANCIEROS,1,1,1,0,0,0
3,3,DES006,DESCANSERO SUPERVISOR,SAL006,SALARIOS SUPERVISOR PROYECTO / RUTA,1,1,1,0,0,0
3,4,ESC0001,ESCOPETA,ART00044,MUNICION ESCOPETA,1,1,1,0,0,0
3,4,ESC0001,ESCOPETA,ART00051,PORTA ESCOPETA,1,1,1,0,0,0
3,3,GUAR01,GUARDIA ESTANDAR (NUEVO),BONO001,BONOS,1,0,0,1,0,0
3,3,GUAR01,GUARDIA ESTANDAR (NUEVO),IC0250,ITEMS FINANCIEROS,1,1,1,1,1,1
3,3,GUAR01,GUARDIA ESTANDAR (NUEVO),PREST001,PRESTACIONES ESTANDAR,1,1,1,1,1,1
3,3,GUAR01,GUARDIA ESTANDAR (NUEVO),SAL001,SALARIOS ESTANDAR,1,1,1,0,0,0
3,3,GUAR02,GUARDIA BASICO (NUEVO),IC0250,ITEMS FINANCIEROS,1,1,1,0,0,0
3,3,GUAR02,GUARDIA BASICO (NUEVO),SAL002,SALARIOS GUARDIA BASICO,1,1,1,0,0,0
3,3,GUAR03,GUARDIA PREMIUM (NUEVO),IC0250,ITEMS FINANCIEROS,1,1,1,0,0,0
3,3,GUAR03,GUARDIA PREMIUM (NUEVO),SAL003,SALARIOS GUARDIA PREMIUM,1,1,1,0,0,0
3,3,GUAR04,GUARDIA ANFITRION B (NUEVO),IC0250,ITEMS FINANCIEROS,1,1,1,0,0,0
3,3,GUAR04,GUARDIA ANFITRION B (NUEVO),SAL004,SALARIOS GUARDIA ANFITRION B,1,1,1,0,0,0
3,3,IC0250,ITEMS FINANCIEROS,IC0251,CAPACITACION,1,1,1,0,0,0
3,3,IC0250,ITEMS FINANCIEROS,IC0252,CAPACITACION DIGESSP,1,1,1,0,0,0
3,3,IC0250,ITEMS FINANCIEROS,IC0253,SEGUROS Y FIANZAS,1,1,1,0,0,0
3,3,IC0250,ITEMS FINANCIEROS,IC0254,HORAS FERIADOS Y ASUETOS,1,1,1,0,0,0
3,3,IC0250,ITEMS FINANCIEROS,IC0255,SEGURO RESPONSABILIDAD CIVIL,1,1,1,0,0,0
3,3,IC0250,ITEMS FINANCIEROS,IC0256,TIRO GUARDIA ESTANDAR,1,1,1,0,0,0
3,3,JEF01,JEFE DE GRUPO.,IC0250,ITEMS FINANCIEROS,1,1,1,0,0,0
3,3,JEF01,JEFE DE GRUPO.,SAL005,SALARIOS JEFE GRUPO,1,1,1,0,0,0
3,3,JOPS01,JEFE OPERACIONES (NUEVO),IC0250,ITEMS FINANCIEROS,1,1,1,0,0,0
3,3,JOPS01,JEFE OPERACIONES (NUEVO),SAL012,SALARIOS JEFE OPERACIONES,1,1,1,0,0,0
3,3,MONI01,OPERADOR MONITOREO (NUEVO),IC0250,ITEMS FINANCIEROS,1,1,1,0,0,0
3,3,MONI01,OPERADOR MONITOREO (NUEVO),SAL010,SALARIOS OPERADOR MONITOREO,1,1,1,0,0,0
3,4,PIST0001,PISTOLA,ART00033,FUNDAS Y SINTETICO SOBAQUERA,1,1,1,0,0,0
3,4,PIST0001,PISTOLA,ART00045,MUNICION PISTOLA,1,1,1,0,0,0
3,4,PIST0001,PISTOLA,CHAL0001,CHALECO BLINDADO,1,1,1,0,0,0
3,3,PREST001,PRESTACIONES ESTANDAR,IC0041,AGUINALDO GUARDIA ESTANDAR,1,1,1,1,1,1
3,3,PREST001,PRESTACIONES ESTANDAR,IC0071,BONO14 GUARDIA ESTANDAR,1,1,1,1,1,1
3,3,PREST001,PRESTACIONES ESTANDAR,IC0101,VACACIONES GUARDIA ESTANDAR,1,1,1,1,1,1
3,3,PREST001,PRESTACIONES ESTANDAR,IC0131,INDEMNIZACION GUARDIA ESTANDAR,1,1,1,1,1,1
3,4,REV0001,REVOLVER,ART00033,FUNDAS Y SINTETICO SOBAQUERA,1,1,1,0,0,0
3,4,REV0001,REVOLVER,ART00046,MUNICION REVOLVER,1,1,1,0,0,0
3,3,SAL001,SALARIOS ESTANDAR,IC0001,SUELDO BASE GUARDIA ESTANDAR,1,1,1,0,0,0
3,3,SAL001,SALARIOS ESTANDAR,IC0030,BONO DECRETO,1,1,1,0,0,0
3,3,SAL001,SALARIOS ESTANDAR,IC0161,CUOTA PATRONAL GUARDIA ESTANDAR,1,1,1,0,0,0
3,3,SAL002,SALARIOS GUARDIA BASICO,IC0002,SUELDO BASE GUARDIA BASICO,1,1,1,0,0,0
3,3,SAL002,SALARIOS GUARDIA BASICO,IC0030,BONO DECRETO,1,1,1,0,0,0
3,3,SAL002,SALARIOS GUARDIA BASICO,IC0042,AGUINALDO GUARDIA BASICO,1,1,1,0,0,0
3,3,SAL002,SALARIOS GUARDIA BASICO,IC0072,BONO14 GUARDIA BASICO,1,1,1,0,0,0
3,3,SAL002,SALARIOS GUARDIA BASICO,IC0102,VACACIONES GUARDIA BASICO,1,1,1,0,0,0
3,3,SAL002,SALARIOS GUARDIA BASICO,IC0132,INDEMNIZACION GUARDIA BASICO,1,1,1,0,0,0
3,3,SAL002,SALARIOS GUARDIA BASICO,IC0162,CUOTA PATRONAL GUARDIA BASICO,1,1,1,0,0,0
3,3,SAL003,SALARIOS GUARDIA PREMIUM,IC0003,SUELDO BASE PREMIUM,1,1,1,0,0,0
3,3,SAL003,SALARIOS GUARDIA PREMIUM,IC0030,BONO DECRETO,1,1,1,0,0,0
3,3,SAL003,SALARIOS GUARDIA PREMIUM,IC0043,AGUINALDO GUARDIA PREMIUM,1,1,1,0,0,0
3,3,SAL003,SALARIOS GUARDIA PREMIUM,IC0073,BONO14 GUARDIA PREMIUM,1,1,1,0,0,0
3,3,SAL003,SALARIOS GUARDIA PREMIUM,IC0103,VACACIONES GUARDIA PREMIUM,1,1,1,0,0,0
3,3,SAL003,SALARIOS GUARDIA PREMIUM,IC0133,INDEMNIZACION GUARDIA PREMIUM,1,1,1,0,0,0
3,3,SAL003,SALARIOS GUARDIA PREMIUM,IC0163,CUOTA PATRONAL GUARDIA PREMIUM,1,1,1,0,0,0
3,3,SAL004,SALARIOS GUARDIA ANFITRION B,IC0002,SUELDO BASE GUARDIA BASICO,1,1,1,0,0,0
3,3,SAL004,SALARIOS GUARDIA ANFITRION B,IC0030,BONO DECRETO,1,1,1,0,0,0
3,3,SAL004,SALARIOS GUARDIA ANFITRION B,IC0042,AGUINALDO GUARDIA BASICO,1,1,1,0,0,0
3,3,SAL004,SALARIOS GUARDIA ANFITRION B,IC0072,BONO14 GUARDIA BASICO,1,1,1,0,0,0
3,3,SAL004,SALARIOS GUARDIA ANFITRION B,IC0102,VACACIONES GUARDIA BASICO,1,1,1,0,0,0
3,3,SAL004,SALARIOS GUARDIA ANFITRION B,IC0132,INDEMNIZACION GUARDIA BASICO,1,1,1,0,0,0
3,3,SAL004,SALARIOS GUARDIA ANFITRION B,IC0162,CUOTA PATRONAL GUARDIA BASICO,1,1,1,0,0,0
3,3,SAL005,SALARIOS JEFE GRUPO,IC0004,SUELDO BASE JEFE GRUPO,1,1,1,0,0,0
3,3,SAL005,SALARIOS JEFE GRUPO,IC0030,BONO DECRETO,1,1,1,0,0,0
3,3,SAL005,SALARIOS JEFE GRUPO,IC0044,AGUINALDO JEFE GRUPO,1,1,1,0,0,0
3,3,SAL005,SALARIOS JEFE GRUPO,IC0074,BONO14 JEFE GRUPO,1,1,1,0,0,0
3,3,SAL005,SALARIOS JEFE GRUPO,IC0104,VACACIONES JEFE GRUPO,1,1,1,0,0,0
3,3,SAL005,SALARIOS JEFE GRUPO,IC0134,INDEMNIZACION JEFE GRUPO,1,1,1,0,0,0
3,3,SAL005,SALARIOS JEFE GRUPO,IC0164,CUOTA PATRONAL JEFE GRUPO,1,1,1,0,0,0
3,3,SAL006,SALARIOS SUPERVISOR PROYECTO / RUTA,IC0005,SUELDO BASE 05,1,1,1,0,0,0
3,3,SAL006,SALARIOS SUPERVISOR PROYECTO / RUTA,IC0030,BONO DECRETO,1,1,1,0,0,0
3,3,SAL006,SALARIOS SUPERVISOR PROYECTO / RUTA,IC0045,AGUINALDO 05,1,1,1,0,0,0
3,3,SAL006,SALARIOS SUPERVISOR PROYECTO / RUTA,IC0075,BONO14 05,1,1,1,0,0,0
3,3,SAL006,SALARIOS SUPERVISOR PROYECTO / RUTA,IC0105,VACACIONES 05,1,1,1,0,0,0
3,3,SAL006,SALARIOS SUPERVISOR PROYECTO / RUTA,IC0135,INDEMNIZACION 05,1,1,1,0,0,0
3,3,SAL006,SALARIOS SUPERVISOR PROYECTO / RUTA,IC0165,CUOTA PATRONAL 05,1,1,1,0,0,0
3,3,SAL007,SALARIOS SUPERVISOR CALIDAD,IC0006,SUELDO BASE 06,1,1,1,0,0,0
3,3,SAL007,SALARIOS SUPERVISOR CALIDAD,IC0030,BONO DECRETO,1,1,1,0,0,0
3,3,SAL007,SALARIOS SUPERVISOR CALIDAD,IC0046,AGUINALDO 06,1,1,1,0,0,0
3,3,SAL007,SALARIOS SUPERVISOR CALIDAD,IC0076,BONO14 06,1,1,1,0,0,0
3,3,SAL007,SALARIOS SUPERVISOR CALIDAD,IC0106,VACACIONES 06,1,1,1,0,0,0
3,3,SAL007,SALARIOS SUPERVISOR CALIDAD,IC0136,INDEMNIZACION 06,1,1,1,0,0,0
3,3,SAL007,SALARIOS SUPERVISOR CALIDAD,IC0166,CUOTA PATRONAL 06,1,1,1,0,0,0
3,3,SAL008,SALARIOS COORDINADOR SR,IC0007,SUELDO BASE 07,1,1,1,0,0,0
3,3,SAL008,SALARIOS COORDINADOR SR,IC0030,BONO DECRETO,1,1,1,0,0,0
3,3,SAL008,SALARIOS COORDINADOR SR,IC0047,AGUINALDO 07,1,1,1,0,0,0
3,3,SAL008,SALARIOS COORDINADOR SR,IC0077,BONO14 07,1,1,1,0,0,0
3,3,SAL008,SALARIOS COORDINADOR SR,IC0107,VACACIONES 07,1,1,1,0,0,0
3,3,SAL008,SALARIOS COORDINADOR SR,IC0137,INDEMNIZACION 07,1,1,1,0,0,0
3,3,SAL008,SALARIOS COORDINADOR SR,IC0167,CUOTA PATRONAL 07,1,1,1,0,0,0
3,3,SAL009,SALARIOS COORDINADOR JR,IC0006,SUELDO BASE 06,1,1,1,0,0,0
3,3,SAL009,SALARIOS COORDINADOR JR,IC0030,BONO DECRETO,1,1,1,0,0,0
3,3,SAL009,SALARIOS COORDINADOR JR,IC0046,AGUINALDO 06,1,1,1,0,0,0
3,3,SAL009,SALARIOS COORDINADOR JR,IC0076,BONO14 06,1,1,1,0,0,0
3,3,SAL009,SALARIOS COORDINADOR JR,IC0106,VACACIONES 06,1,1,1,0,0,0
3,3,SAL009,SALARIOS COORDINADOR JR,IC0136,INDEMNIZACION 06,1,1,1,0,0,0
3,3,SAL009,SALARIOS COORDINADOR JR,IC0166,CUOTA PATRONAL 06,1,1,1,0,0,0
3,3,SAL010,SALARIOS OPERADOR MONITOREO,IC0008,SUELDO BASE 08,1,1,1,0,0,0
3,3,SAL010,SALARIOS OPERADOR MONITOREO,IC0030,BONO DECRETO,1,1,1,0,0,0
3,3,SAL010,SALARIOS OPERADOR MONITOREO,IC0048,AGUINALDO 08,1,1,1,0,0,0
3,3,SAL010,SALARIOS OPERADOR MONITOREO,IC0078,BONO14 08,1,1,1,0,0,0
3,3,SAL010,SALARIOS OPERADOR MONITOREO,IC0108,VACACIONES 08,1,1,1,0,0,0
3,3,SAL010,SALARIOS OPERADOR MONITOREO,IC0138,INDEMNIZACION 08,1,1,1,0,0,0
3,3,SAL010,SALARIOS OPERADOR MONITOREO,IC0168,CUOTA PATRONAL 08,1,1,1,0,0,0
3,3,SAL011,SALARIOS SEGURIDAD EJECUTIVA,IC0010,SUELDO BASE 10,1,1,1,0,0,0
3,3,SAL011,SALARIOS SEGURIDAD EJECUTIVA,IC0030,BONO DECRETO,1,1,1,0,0,0
3,3,SAL011,SALARIOS SEGURIDAD EJECUTIVA,IC0050,AGUINALDO 10,1,1,1,0,0,0
3,3,SAL011,SALARIOS SEGURIDAD EJECUTIVA,IC0080,BONO14 10,1,1,1,0,0,0
3,3,SAL011,SALARIOS SEGURIDAD EJECUTIVA,IC0110,VACACIONES 10,1,1,1,0,0,0
3,3,SAL011,SALARIOS SEGURIDAD EJECUTIVA,IC0140,INDEMNIZACION 10,1,1,1,0,0,0
3,3,SAL011,SALARIOS SEGURIDAD EJECUTIVA,IC0170,CUOTA PATRONAL 10,1,1,1,0,0,0
3,3,SAL012,SALARIOS JEFE OPERACIONES,IC0011,SUELDO BASE 11,1,1,1,0,0,0
3,3,SAL012,SALARIOS JEFE OPERACIONES,IC0030,BONO DECRETO,1,1,1,0,0,0
3,3,SAL012,SALARIOS JEFE OPERACIONES,IC0051,AGUINALDO 11,1,1,1,0,0,0
3,3,SAL012,SALARIOS JEFE OPERACIONES,IC0081,BONO14 11,1,1,1,0,0,0
3,3,SAL012,SALARIOS JEFE OPERACIONES,IC0111,VACACIONES 11,1,1,1,0,0,0
3,3,SAL012,SALARIOS JEFE OPERACIONES,IC0141,INDEMNIZACION 11,1,1,1,0,0,0
3,3,SAL012,SALARIOS JEFE OPERACIONES,IC0171,CUOTA PATRONAL 11,1,1,1,0,0,0
3,3,SUP01,SUPERVISOR,IC0250,ITEMS FINANCIEROS,1,1,1,0,0,0
3,3,SUP01,SUPERVISOR,SAL006,SALARIOS SUPERVISOR PROYECTO / RUTA,1,1,1,0,0,0
3,3,SUP02,SUPERVISOR PROYECTOS / RUTA (NUEVO),IC0250,ITEMS FINANCIEROS,1,1,1,0,0,0
3,3,SUP02,SUPERVISOR PROYECTOS / RUTA (NUEVO),SAL006,SALARIOS SUPERVISOR PROYECTO / RUTA,1,1,1,0,0,0
3,3,SUP03,SUPERVISOR CALIDAD (NUEVO),IC0250,ITEMS FINANCIEROS,1,1,1,0,0,0
3,3,SUP03,SUPERVISOR CALIDAD (NUEVO),SAL007,SALARIOS SUPERVISOR CALIDAD,1,1,1,0,0,0
3,4,UNI001,UNIFORME GALA,ART00001,AGUILA,2,1,1,0,0,0
3,4,UNI001,UNIFORME GALA,ART00015,BOTAS HULE,1,1,1,0,0,0
3,4,UNI001,UNIFORME GALA,ART00026,CORBATA AZUL.,4,1,1,0,0,0
3,4,UNI001,UNIFORME GALA,ART00034,GAFETE DE IDENTIFICACION,2,1,1,0,0,0
3,4,UNI001,UNIFORME GALA,ART00035,GORGORITO,2,1,1,0,0,0
3,4,UNI001,UNIFORME GALA,ART00037,KEPY,2,1,1,0,0,0
3,4,UNI001,UNIFORME GALA,CAM0001,CAMISA BLANCA,4,1,1,0,0,0
3,4,UNI001,UNIFORME GALA,PAN0001,PANTALON CELESTE / AZUL,4,1,1,0,0,0
3,4,UNI001,UNIFORME GALA,ART00048,PLACA DE PECHO,2,1,1,0,0,0
3,4,UNI001,UNIFORME GALA,ART00049,PONCHO DE AGUA,1,1,1,0,0,0
3,4,UNI001,UNIFORME GALA,ART00055,SUETER TIPO MILITAR,1,1,1,0,0,0
3,4,UNI001,UNIFORME GALA,ART00059,PORTA GAFETE,1,1,1,0,0,0
3,4,UNI001,UNIFORME GALA,ART00060,GANCHO GAFETE,1,1,1,0,0,0
3,4,UNI001,UNIFORME GALA,ART00061,CINCHO TIPO MILITAR,2,1,1,0,0,0
3,4,UNI002,UNIFORME COMANDO,CAM0003,CAMISA BEIGE,4,1,1,0,0,0
3,4,UNI002,UNIFORME COMANDO,PAN0002,PANTALON COMANDO,4,1,1,0,0,0
3,4,UNI003,UNIFORME TRAJE,ART00025,CORBATA TIPO PIZARRIN,2,1,1,0,0,0
3,4,UNI003,UNIFORME TRAJE,ART00034,GAFETE DE IDENTIFICACION,2,1,1,0,0,0
3,4,UNI003,UNIFORME TRAJE,ART00047,PIN G4S,1,1,1,0,0,0
3,4,UNI003,UNIFORME TRAJE,ART00049,PONCHO DE AGUA,1,1,1,0,0,0
3,4,UNI003,UNIFORME TRAJE,CAM0002,CAMISA BLANCA FORMAL,2,1,1,0,0,0
3,4,UNI003,UNIFORME TRAJE,PAN0004,PANTALON FORMAL,4,1,1,0,0,0
3,4,UNI004,UNIFORME GALA CMI,PAN0003,PANTALON GALA CMI,4,1,1,0,0,0
