empresa_id,item_id,item_desc,costo,fecha,usuario_id
1,03047,CHALECO REFLECTIVO ANARANJADO,1.79,2023-01-01,1
1,0318,CASCO INDUSTRIALES PLASTICOS,9.3,2023-01-01,1
1,05942,CAMISA MANGA LARGA AZUL TIPO COLUMBIA,43.75,2023-01-01,1
1,05942,CAMISA MANGA LARGA AZUL TIPO COLUMBIA,58.33,2024-01-01,1
1,67,BOTAS CON PUNTA DE ACERO,28.99,2023-01-01,1
1,67,BOTAS CON PUNTA DE ACERO,28.99,2024-01-01,1
1,850,LENTES INDUSTRIALES,7.44,2023-01-01,1
1,850,LENTES INDUSTRIALES,7.44,2024-01-01,1
1,IC0001,SUELDO BASE PERSONAL ESTANDAR,3166.38,2023-01-01,1
1,IC0001,SUELDO BASE PERSONAL ESTANDAR,3384.59,2024-01-01,1
1,IC0030,BONO DECRETO PERSONAL ESTANDAR,250,2023-01-01,1
1,IC0041,AGUINALDO PERSONAL ESTANDAR,8.33,2023-01-01,1
1,IC0071,BONO14 PERSONAL ESTANDAR,8.33,2023-01-01,1
1,IC0101,VACACIONES PERSONAL ESTANDAR,4.17,2023-01-01,1
1,IC0131,INDEMNIZACION PERSONAL ESTANDAR,3.89,2023-01-01,1
1,IC0131,INDEMNIZACION PERSONAL ESTANDAR,8.33,2024-01-01,1
1,IC0161,CUOTA PATRONAL PERSONAL ESTANDAR,12.67,2023-01-01,1
1,IC0203,BONO DESCANSERO,325,2023-01-01,1
1,IC0204,BONO EXTRA CUBRIR DESCANSO,325,2023-01-01,1
1,IC0255,CAPACITACION PERSONAL ESTANDAR,40.92,2023-01-01,1
1,IC0801,BONO CELULAR I (AG),133,2023-01-01,1
1,IC0802,EXAMENES MEDICOS (AG),55.8,2023-01-01,1
1,IC0802,EXAMENES MEDICOS (AG),55.8,2024-01-01,1
1,IC0803,BONO CELULAR II (AG),66.5,2023-01-01,1
1,IC084,HORAS EXTRAS (AG),338.4,2024-01-01,1
1,MOBRA03,MANO OBRA INSTALACION ALARMAS (FREELANCE),444.6,2023-01-01,1
1,MOBRA04,MANO OBRA INSTALACION CCTV (FREELANCE),444.6,2023-01-01,1
1,MOBRA05,MANO OBRA INSTALACION GPS (FREELANCE),150,2023-01-01,1
1,MOBRA06,MANO OBRA INSTALACION ALARMAS (INTERNO),536,2023-01-01,1
1,MOBRA07,MANO OBRA INSTALACION CCTV (INTERNO),536,2023-01-01,1
1,MOBRA08,MANO OBRA INSTALACION GPS (INTERNO),127.98,2023-01-01,1
1,MOBRA09,TRASLADO TECNICOS GPS,66.3,2023-01-01,1
1,MON001,MONITORISTA,6000,2022-01-01,1
1,SRVREC001,SIM CLARO 10MB,8.95,2023-01-01,1
1,SRVREC002,SIM CLARO 25MB,17.85,2023-03-01,1
1,SRVREC003,CUENTA TRACKER,5.5,2023-01-01,1
1,SRVREC003,CUENTA TRACKER,5.13,2023-07-01,1
1,SRVREC004,CUENTA ALARM.COM (COMERCIAL),5.5,2023-01-01,1
1,SRVREC005,CUENTA ALARM.COM (RESIDENCIAL),4.75,2023-01-01,1
1,SRVREC006,ASISTENCIA (ALARMAS),58.92,2023-01-01,1
1,SRVREC007,CUENTA ALARM.COM (CCTV),1.25,2023-01-01,1
1,SRVREC008,ASISTENCIA (GPS),46.3,2023-01-01,1
3,ART00001,AGUILA,25,2022-01-01,1
3,ART00001,AGUILA,4.16,2023-01-01,1
3,ART00005,ARMERO DE 1 ARMA LARGA Y 2 ARMAS CORTAS,116.63,2023-01-01,1
3,ART00013,BICICLETA MONTAÑESA,167,2022-01-01,1
3,ART00015,BOTAS HULE,5.62,2023-01-01,1
3,ART00025,CORBATA TIPO PIZARRIN,70,2022-01-01,1
3,ART00026,CORBATA AZUL.,15,2022-01-01,1
3,ART00026,CORBATA AZUL.,1.49,2023-01-01,1
3,ART00027,LIBRO DE ACTAS,9.5,2023-01-01,1
3,ART00030,ESTUFA DE 2 HORNILLAS,16.37,2023-01-01,1
3,ART00033,FUNDAS Y SINTETICO SOBAQUERA,15.33,2022-01-01,1
3,ART00034,GAFETE DE IDENTIFICACION,1,2022-01-01,1
3,ART00034,GAFETE DE IDENTIFICACION,1,2023-01-01,1
3,ART00035,GORGORITO,3.5,2022-01-01,1
3,ART00035,GORGORITO,1.17,2023-01-01,1
3,ART00037,KEPY,37.8,2022-01-01,1
3,ART00037,KEPY,6.16,2023-01-01,1
3,ART00038,KIT SANITIZACION NIVEL BAJO,26.59,2022-01-01,1
3,ART00042,LINTERNA,7.44,2023-01-01,1
3,ART00044,MUNICION ESCOPETA,5.36,2022-01-01,1
3,ART00045,MUNICION PISTOLA,8.93,2022-01-01,1
3,ART00046,MUNICION REVOLVER,5.89,2022-01-01,1
3,ART00047,PIN G4S,22,2022-01-01,1
3,ART00048,PLACA DE PECHO,25,2022-01-01,1
3,ART00048,PLACA DE PECHO,4.16,2023-01-01,1
3,ART00049,PONCHO DE AGUA,4.69,2022-01-01,1
3,ART00051,PORTA ESCOPETA,15.33,2022-01-01,1
3,ART00055,SUETER TIPO MILITAR,75.89,2022-01-01,1
3,ART00055,SUETER TIPO MILITAR,7.07,2023-01-01,1
3,ART00056,TABLA SHANNO,2.98,2023-01-01,1
3,ART00059,PORTA GAFETE,1,2023-01-01,1
3,ART00060,GANCHO GAFETE,1,2023-01-01,1
3,ART00061,CINCHO TIPO MILITAR,5.36,2023-01-01,1
3,BOTA01,BOTAS MOTORISTA.,22.32,2023-01-01,1
3,CAM0001,CAMISA BLANCA,3,2022-01-01,1
3,CAM0002,CAMISA BLANCA FORMAL,110,2022-01-01,1
3,CAM0002,CAMISA BLANCA FORMAL,5.58,2023-01-01,1
3,CAM0003,CAMISA BEIGE,4.67,2023-01-01,1
3,CHAL0001,CHALECO BLINDADO,47,2022-01-01,1
3,CHAL0001,CHALECO BLINDADO,45.54,2023-01-01,1
3,ESC0001,ESCOPETA,57.5,2022-01-01,1
3,FREC,RADIO.,125,2023-01-01,1
3,IC0001,SUELDO BASE GUARDIA ESTANDAR,2959.24,2022-01-01,1
3,IC0001,SUELDO BASE GUARDIA ESTANDAR,3166.38,2023-01-01,1
3,IC0001,SUELDO BASE GUARDIA ESTANDAR,3384.59,2024-01-01,1
3,IC0001,SUELDO BASE GUARDIA ESTANDAR,3723.05,2025-01-01,1
3,IC0002,SUELDO BASE GUARDIA BASICO,3250,2022-01-01,1
3,IC0002,SUELDO BASE GUARDIA BASICO,3166.38,2023-01-01,1
3,IC0002,SUELDO BASE GUARDIA BASICO,3384.59,2024-01-01,1
3,IC0002,SUELDO BASE GUARDIA BASICO,3723.05,2025-01-01,1
3,IC0003,SUELDO BASE PREMIUM,3550,2022-01-01,1
3,IC0003,SUELDO BASE PREMIUM,3166.38,2023-01-01,1
3,IC0003,SUELDO BASE PREMIUM,3384.59,2024-01-01,1
3,IC0003,SUELDO BASE PREMIUM,3723.05,2025-01-01,1
3,IC0004,SUELDO BASE JEFE GRUPO,3350,2022-01-01,1
3,IC0004,SUELDO BASE JEFE GRUPO,3166.38,2023-01-01,1
3,IC0004,SUELDO BASE JEFE GRUPO,3384.59,2024-01-01,1
3,IC0004,SUELDO BASE JEFE GRUPO,3723.05,2025-01-01,1
3,IC0005,SUELDO BASE 05,4250,2022-01-01,1
3,IC0005,SUELDO BASE 05,3166.38,2023-01-01,1
3,IC0005,SUELDO BASE 05,3384.59,2024-01-01,1
3,IC0005,SUELDO BASE 05,3723.05,2025-01-01,1
3,IC0006,SUELDO BASE 06,5750,2022-01-01,1
3,IC0007,SUELDO BASE 07,7750,2022-01-01,1
3,IC0008,SUELDO BASE 08,3750,2022-01-01,1
3,IC0009,SUELDO BASE 09,4750,2022-01-01,1
3,IC0010,SUELDO BASE 10,6250,2022-01-01,1
3,IC0011,SUELDO BASE 11,8750,2022-01-01,1
3,IC0030,BONO DECRETO,250,2022-01-01,1
3,IC0041,AGUINALDO GUARDIA ESTANDAR,8.33,2022-01-01,1
3,IC0042,AGUINALDO GUARDIA BASICO,8.33,2022-01-01,1
3,IC0043,AGUINALDO GUARDIA PREMIUM,8.33,2022-01-01,1
3,IC0044,AGUINALDO JEFE GRUPO,8.33,2022-01-01,1
3,IC0045,AGUINALDO 05,8.33,2022-01-01,1
3,IC0046,AGUINALDO 06,8.33,2022-01-01,1
3,IC0047,AGUINALDO 07,8.33,2022-01-01,1
3,IC0048,AGUINALDO 08,8.33,2022-01-01,1
3,IC0049,AGUINALDO 09,8.33,2022-01-01,1
3,IC0050,AGUINALDO 10,8.33,2022-01-01,1
3,IC0051,AGUINALDO 11,8.33,2022-01-01,1
3,IC0071,BONO14 GUARDIA ESTANDAR,8.33,2022-01-01,1
3,IC0072,BONO14 GUARDIA BASICO,8.33,2022-01-01,1
3,IC0073,BONO14 GUARDIA PREMIUM,8.33,2022-01-01,1
3,IC0074,BONO14 JEFE GRUPO,8.33,2022-01-01,1
3,IC0075,BONO14 05,8.33,2022-01-01,1
3,IC0076,BONO14 06,8.33,2022-01-01,1
3,IC0077,BONO14 07,8.33,2022-01-01,1
3,IC0078,BONO14 08,8.33,2022-01-01,1
3,IC0079,BONO14 09,8.33,2022-01-01,1
3,IC0080,BONO14 10,8.33,2022-01-01,1
3,IC0081,BONO14 11,8.33,2022-01-01,1
3,IC0101,VACACIONES GUARDIA ESTANDAR,4.17,2022-01-01,1
3,IC0102,VACACIONES GUARDIA BASICO,4.17,2022-01-01,1
3,IC0103,VACACIONES GUARDIA PREMIUM,4.17,2022-01-01,1
3,IC0104,VACACIONES JEFE GRUPO,4.17,2022-01-01,1
3,IC0105,VACACIONES 05,4.17,2022-01-01,1
3,IC0106,VACACIONES 06,4.17,2022-01-01,1
3,IC0107,VACACIONES 07,4.17,2022-01-01,1
3,IC0108,VACACIONES 08,4.17,2022-01-01,1
3,IC0109,VACACIONES 09,4.17,2022-01-01,1
3,IC0110,VACACIONES 10,4.17,2022-01-01,1
3,IC0111,VACACIONES 11,4.17,2022-01-01,1
3,IC0131,INDEMNIZACION GUARDIA ESTANDAR,0.84,2022-01-01,1
3,IC0132,INDEMNIZACION GUARDIA BASICO,0.84,2022-01-01,1
3,IC0133,INDEMNIZACION GUARDIA PREMIUM,0.84,2022-01-01,1
3,IC0134,INDEMNIZACION JEFE GRUPO,0.84,2022-01-01,1
3,IC0135,INDEMNIZACION 05,0.84,2022-01-01,1
3,IC0136,INDEMNIZACION 06,0.84,2022-01-01,1
3,IC0137,INDEMNIZACION 07,0.84,2022-01-01,1
3,IC0138,INDEMNIZACION 08,0.84,2022-01-01,1
3,IC0139,INDEMNIZACION 09,0.84,2022-01-01,1
3,IC0140,INDEMNIZACION 10,0.84,2022-01-01,1
3,IC0141,INDEMNIZACION 11,0.84,2022-01-01,1
3,IC0161,CUOTA PATRONAL GUARDIA ESTANDAR,12.67,2022-01-01,1
3,IC0162,CUOTA PATRONAL GUARDIA BASICO,12.67,2022-01-01,1
3,IC0163,CUOTA PATRONAL GUARDIA PREMIUM,12.67,2022-01-01,1
3,IC0164,CUOTA PATRONAL JEFE GRUPO,12.67,2022-01-01,1
3,IC0165,CUOTA PATRONAL 05,12.67,2022-01-01,1
3,IC0166,CUOTA PATRONAL 06,12.67,2022-01-01,1
3,IC0167,CUOTA PATRONAL 07,12.67,2022-01-01,1
3,IC0168,CUOTA PATRONAL 08,12.67,2022-01-01,1
3,IC0169,CUOTA PATRONAL 09,12.67,2022-01-01,1
3,IC0170,CUOTA PATRONAL 10,12.67,2022-01-01,1
3,IC0171,CUOTA PATRONAL 11,12.67,2022-01-01,1
3,IC0203,BONO DESCANSERO,325,2022-01-01,1
3,IC0203,BONO DESCANSERO,825.6,2024-10-01,1
3,IC0204,BONO EXTRA CUBRIR DESCANSO,325,2022-01-01,1
3,IC0205,BONO JEFE GRUPO,200,2023-01-01,1
3,IC0251,CAPACITACION,60,2022-01-01,1
3,IC0252,CAPACITACION DIGESSP,53.57,2022-01-01,1
3,IC0253,SEGUROS Y FIANZAS,8.6,2022-01-01,1
3,IC0254,HORAS FERIADOS Y ASUETOS,178.38,2022-01-01,1
3,IC0255,SEGURO RESPONSABILIDAD CIVIL,4.1,2022-01-01,1
3,IC0256,TIRO GUARDIA ESTANDAR,10.25,2022-01-01,1
3,KEPI,KEYPI CELESTE,3.35,2023-01-01,1
3,PAN0001,PANTALON CELESTE / AZUL,30.66,2022-01-01,1
3,PAN0001,PANTALON CELESTE / AZUL,7.67,2023-01-01,1
3,PAN0002,PANTALON COMANDO,5.28,2023-01-01,1
3,PAN0003,PANTALON GALA CMI,6.32,2023-01-01,1
3,PAN0004,PANTALON FORMAL,11.16,2023-01-01,1
3,PIST0001,PISTOLA,80.18,2022-01-01,1
3,REV0001,REVOLVER,50.6,2022-01-01,1
3,TRAJE001,TRAJES DE SASTRE NEGRO,600,2022-01-01,1
